,nome,genero,editora,vendasTotais,X360,Wii,PSP,PS3,PS4,3DS,PSV,XOne,WiiU,avaliacao_criticos_media,numero_criticos_total,avaliacao_usuarios_media,numero_usuarios_total,fabricante
0,2010 FIFA World Cup South Africa,2,Electronic Arts,2.8,1,1,1,1,0,0,0,0,0,79.89115646258503,147.0,7.913084112149531,107.0,Electronic Arts
1,50 Cent: Blood on the Sand,3,THQ,0.37,1,0,0,1,0,0,0,0,0,71.4065934065934,91.0,6.777777777777778,99.0,Swordfish Studios
2,ATV Offroad Fury Pro,9,Sony Computer Entertainment,0.43,0,0,1,0,0,0,0,0,0,76.0,32.0,,0.0,Climax Group
3,ATV Quad Kings,9,Zoo Digital Publishing,0.22,0,1,0,0,0,0,0,0,0,33.0,4.0,,0.0,Beyond Reality
4,Ace Combat X: Skies of Deception,11,Namco Bandai Games,0.97,0,0,1,0,0,0,0,0,0,75.0,26.0,8.5,27.0,Access Games
5,Afrika,8,Unknown,0.2,0,0,0,1,0,0,0,0,0,63.0,12.0,6.1,34.0,Rhino Studios
6,After Burner: Black Falcon,11,Sega,0.01,0,0,1,0,0,0,0,0,0,73.0,30.0,6.6,7.0,Planet Moon Studios
7,Agatha Christie: And Then There Were None,8,The Adventure Company,0.07,0,1,0,0,0,0,0,0,0,50.0,23.0,6.3,11.0,AWE Games
8,Air Conflicts: Secret Wars,11,bitComposer Games,0.18,1,0,0,1,0,0,0,0,0,57.36363636363637,22.0,,0.0,Games Farm
9,Akai Katana Shin,3,Cave,0.04,1,0,0,0,0,0,0,0,0,75.0,17.0,8.0,21.0,Cave
10,Alan Wake,1,Microsoft Game Studios,1.25,1,0,0,0,0,0,0,0,0,83.0,100.0,8.0,939.0,Remedy Entertainment
11,Alien Syndrome,5,Sega,0.13,0,1,1,0,0,0,0,0,0,49.36363636363637,44.0,6.415384615384615,26.0,Totally Games
12,All-Pro Football 2K8,2,Take-Two Interactive,0.4,1,0,0,1,0,0,0,0,0,73.97777777777777,45.0,7.021739130434782,69.0,Visual Concepts
13,Alone in the Dark,8,Atari,0.6499999999999999,1,1,0,0,0,0,0,0,0,54.98412698412698,63.0,5.454857142857143,175.0,Eden Studios
14,Angry Birds Trilogy,1,Activision,0.71,1,0,0,1,0,1,0,0,0,63.607142857142854,28.0,3.1943396226415097,53.0,Rovio Mobile
15,Angry Birds: Star Wars,7,Activision,0.49,1,0,0,1,1,1,1,1,1,,18.0,4.155974842767296,159.0,Rovio Mobile
16,Anubis II,10,Metro 3D,0.06,0,1,0,0,0,0,0,0,0,19.0,5.0,2.2,21.0,Data Design Interactive
17,Ape Escape Academy,6,Sony Computer Entertainment,0.33,0,0,1,0,0,0,0,0,0,51.0,48.0,5.8,4.0,Shift
18,AquaPazza: AquaPlus Dream Match,1,Aqua Plus,0.07,0,0,0,1,0,0,0,0,0,75.0,12.0,7.8,14.0,Examu
19,Arcania: Gothic 4,5,JoWood Productions,0.07,1,0,0,0,0,0,0,0,0,64.0,21.0,5.6,41.0,Spellbound
20,Are You Smarter than a 5th Grader? Game Time,12,THQ,0.11,1,0,0,0,0,0,0,0,0,,0.0,1.3,9.0,ImaginEngine
21,Armored Core 4,11,505 Games,0.42,1,0,0,1,0,0,0,0,0,65.0,67.0,6.96875,48.0,From Software
22,Army Corps of Hell,1,Square Enix,0.07,0,0,0,0,0,0,1,0,0,57.0,43.0,6.7,24.0,"Entersphere, Inc."
23,Army of Two,3,Electronic Arts,2.73,1,0,0,1,0,0,0,0,0,72.72268907563026,119.0,7.501030927835052,291.0,EA Montreal
24,Army of Two: The Devil's Cartel,3,Electronic Arts,0.36,1,0,0,1,0,0,0,0,0,55.31707317073171,82.0,6.1000000000000005,232.0,Visceral Games
25,Assassin's Creed II,1,Ubisoft,10.33,1,0,0,1,0,0,0,0,0,90.46052631578948,152.0,8.65776754890679,1738.0,Ubisoft Montreal
26,Assassin's Creed IV: Black Flag,1,Ubisoft,6.98,1,0,0,1,1,0,0,1,1,,103.0,7.807921928817451,1742.0,Ubisoft
27,Assassin's Creed: Bloodlines,1,Ubisoft,1.14,0,0,1,0,0,0,0,0,0,63.0,38.0,7.1,50.0,Griptonite Games
28,Atelier Totori: The Adventurer of Arland,5,Nippon Ichi Software,0.37,0,0,0,1,0,0,0,0,0,74.0,19.0,6.6,94.0,Gust
29,BIT.TRIP SAGA,6,Rising Star Games,0.09,0,0,0,0,0,1,0,0,0,75.0,21.0,8.0,22.0,Gaijin Games
30,Back to the Future: The Game,8,Telltale Games,0.1,0,1,0,1,0,0,0,0,0,66.0,12.0,6.214285714285714,28.0,Telltale Games
31,Backyard Baseball '09,2,Atari,0.04,0,1,0,0,0,0,0,0,0,37.0,4.0,7.8,5.0,Humongous Entertainment
32,Backyard Sports: Sandlot Sluggers,2,Atari,0.08,1,0,0,0,0,0,0,0,0,,0.0,3.8,4.0,HB Studios Multimedia
33,Baja: Edge of Control,9,THQ,0.36,1,0,0,1,0,0,0,0,0,63.5,56.0,6.0851851851851855,27.0,2XL Games
34,Bakugan Battle Brawlers: Defenders of the Core,1,Activision,0.24,1,0,0,1,0,0,0,0,0,57.05882352941177,17.0,,0.0,Now Production
35,Bakugan: Battle Brawlers,1,Activision,1.05,1,1,0,1,0,0,0,0,0,61.421052631578945,38.0,,15.0,Now Production
36,Band Hero,6,Activision,2.34,1,1,0,1,0,0,0,0,0,76.51282051282051,117.0,5.84,50.0,Neversoft Entertainment
37,Banjo-Kazooie,10,Microsoft Game Studios,0.01,1,0,0,0,0,0,0,0,0,77.0,17.0,8.1,54.0,4J Studios
38,Baroque,5,Rising Star Games,0.07,0,1,0,0,0,0,0,0,0,50.0,22.0,7.7,20.0,Sting
39,Bass Pro Shops: The Strike,2,XS Games,0.66,1,1,0,0,0,0,0,0,0,,4.0,6.7,10.0,Piranha Games
40,Batman: Arkham City,1,Warner Bros. Interactive Entertainment,9.329999999999998,1,0,0,1,0,0,0,0,1,92.45508982035928,167.0,8.521819499818776,2759.0,Rocksteady Studios
41,Batman: Arkham Origins,1,Warner Bros. Interactive Entertainment,2.98,1,0,0,1,0,0,0,0,1,74.8,95.0,7.673577235772357,984.0,WB Games Montreal
42,Batman: Arkham Origins Blackgate,1,Warner Bros. Interactive Entertainment,0.31,0,0,0,0,0,1,1,0,0,61.97674418604651,43.0,7.088505747126438,87.0,Armature Studio
43,Battle Fantasia,4,505 Games,0.09,1,0,0,1,0,0,0,0,0,69.83870967741936,31.0,6.2733333333333325,15.0,Arc System Works
44,Battlefield 4,3,Electronic Arts,7.53,1,0,0,1,1,0,0,1,0,,51.0,6.047113594040968,1611.0,EA DICE
45,Battlefield: Bad Company 2,3,Electronic Arts,6.21,1,0,0,1,0,0,0,0,0,88.0,134.0,8.662371541501976,1265.0,EA DICE
46,Beautiful Katamari,12,Namco Bandai Games,0.29,1,0,0,0,0,0,0,0,0,73.0,52.0,7.1,32.0,Now Production
47,Bejeweled 3,12,Unknown,0.22,1,0,0,1,0,0,0,0,0,77.44444444444444,18.0,,7.0,PopCap
48,Ben 10 Alien Force: Vilgax Attacks,1,D3Publisher,0.64,1,1,0,0,0,0,0,0,0,62.42857142857143,14.0,,4.0,Papaya Studios
49,Ben 10 Galactic Racing,9,D3Publisher,0.03,0,0,0,0,0,0,1,0,0,,0.0,3.3,7.0,Monkey Bar Games
50,Binary Domain,1,Sega,0.42000000000000004,1,0,0,1,0,0,0,0,0,73.13157894736842,76.0,7.957509157509158,273.0,Sega
51,BioShock,3,Take-Two Interactive,3.9800000000000004,1,0,0,1,0,0,0,0,0,95.26618705035972,139.0,8.775871743486976,2495.0,"Irrational Games, 2K Marin"
52,BioShock Infinite,3,Take-Two Interactive,2.8899999999999997,1,0,0,1,0,0,0,0,0,93.45,60.0,8.4,2702.0,Irrational Games
53,Bionic Commando,10,Capcom,0.6100000000000001,1,0,0,1,0,0,0,0,0,70.42477876106194,113.0,7.4632000000000005,125.0,GRIN
54,Blacksite: Area 51,3,Midway Games,0.63,1,0,0,1,0,0,0,0,0,60.056338028169016,71.0,6.019444444444444,72.0,Midway Studios - Austin
55,"Blast Works: Build, Trade, Destroy",3,Eidos Interactive,0.09,0,1,0,0,0,0,0,0,0,78.0,30.0,8.1,15.0,BudCat
56,BlazBlue: Calamity Trigger,4,PQube,0.8700000000000001,1,0,0,1,0,0,0,0,0,86.4950495049505,101.0,8.577707006369426,157.0,Arc System Works
57,BlazBlue: Continuum Shift II,4,PQube,0.21,0,0,1,0,0,1,0,0,0,68.72727272727273,22.0,6.836363636363637,22.0,Arc System Works
58,Blazing Angels 2: Secret Missions of WWII,11,Ubisoft,0.24,1,0,0,1,0,0,0,0,0,71.41176470588235,34.0,7.671428571428573,21.0,Ubisoft Romania
59,Blazing Angels: Squadrons of WWII,11,Ubisoft,1.85,1,1,0,1,0,0,0,0,0,65.23157894736842,95.0,7.4602272727272725,88.0,Ubisoft
60,Blazing Souls: Accelate,5,Idea Factory,0.04,0,0,1,0,0,0,0,0,0,,0.0,7.7,14.0,Neverland
61,Bleach: Shattered Blade,4,Sega,0.31,0,1,0,0,0,0,0,0,0,58.0,30.0,7.4,21.0,Polygon Magic
62,Blitz: The League II,2,Midway Games,0.21,1,0,0,1,0,0,0,0,0,65.45762711864407,59.0,7.0857142857142845,21.0,Midway
63,Blood Bowl,2,Focus Home Interactive,0.14,1,0,0,0,0,0,0,0,0,61.0,28.0,5.5,17.0,Cyanide
64,Blood Drive,9,Activision,0.16,1,0,0,1,0,0,0,0,0,42.40625,32.0,,7.0,Sidhe Interactive
65,Bodycount,3,Codemasters,0.16,1,0,0,1,0,0,0,0,0,51.81188118811881,101.0,4.332558139534883,86.0,Guildford Studio
66,Bomberman,12,Konami Digital Entertainment,0.15,0,0,1,0,0,0,0,0,0,73.0,30.0,5.8,4.0,Hudson
67,Bomberman Land,6,Hudson Entertainment,0.22,0,1,1,0,0,0,0,0,0,56.24324324324324,37.0,,7.0,Racjin
68,Boom Blox,12,Electronic Arts,1.18,0,1,0,0,0,0,0,0,0,85.0,61.0,8.7,95.0,EA LA
69,Boom Blox Bash Party,12,Electronic Arts,0.44,0,1,0,0,0,0,0,0,0,86.0,48.0,8.4,31.0,EA LA
70,Borderlands,3,Take-Two Interactive,5.13,1,0,0,1,0,0,0,0,0,83.58865248226951,141.0,8.193263157894737,950.0,Gearbox Software
71,Bravely Default: Flying Fairy,5,Nintendo,0.53,0,0,0,0,0,1,0,0,0,85.0,64.0,8.4,129.0,"Silicon Studio, Silicon Studio"
72,Brink,3,Bethesda Softworks,1.65,1,0,0,1,0,0,0,0,0,69.25806451612904,124.0,5.857088846880908,529.0,Splash Damage
73,Broken Sword: Shadow of the Templars - The Director's Cut,8,Ubisoft,0.23,0,1,0,0,0,0,0,0,0,74.0,29.0,7.900000000000001,9.0,Revolution Software
74,Brooktown High: Senior Year,11,Konami Digital Entertainment,0.08,0,0,1,0,0,0,0,0,0,51.0,25.0,,0.0,Backbone Entertainment
75,Brothers in Arms: Double Time,3,Ubisoft,0.12,0,1,0,0,0,0,0,0,0,45.0,13.0,6.6,17.0,Gearbox Software
76,Brothers in Arms: Hell's Highway,3,Ubisoft,1.72,1,0,0,1,0,0,0,0,0,76.0,113.0,8.27076923076923,195.0,Gearbox Software
77,Brunswick Pro Bowling,2,505 Games,1.1400000000000001,1,1,1,1,0,0,0,0,0,,21.0,,27.0,Crave
78,Bubble Bobble Evolution,12,Rising Star Games,0.03,0,0,1,0,0,0,0,0,0,47.0,5.0,,0.0,Opus
79,Bullet Witch,3,Atari,0.09,1,0,0,0,0,0,0,0,0,55.0,59.0,6.2,32.0,Cavia Inc.
80,Bulletstorm,3,Electronic Arts,1.42,1,0,0,1,0,0,0,0,0,83.59285714285714,140.0,7.537006578947368,608.0,"People Can Fly, Epic Games"
81,Burnout Legends,9,Electronic Arts,0.78,0,0,1,0,0,0,0,0,0,86.0,53.0,8.5,96.0,Criterion Games
82,Burnout Paradise,9,Electronic Arts,3.13,1,0,0,1,0,0,0,0,0,87.55284552845528,123.0,7.327841845140033,607.0,Criterion Games
83,Bust-A-Move Deluxe,12,505 Games,0.14,0,0,1,0,0,0,0,0,0,67.0,7.0,,0.0,Taito Corporation
84,CSI: Fatal Conspiracy,8,Ubisoft,0.3,1,0,0,1,0,0,0,0,0,40.92857142857143,14.0,,4.0,Telltale Games
85,Cabela's African Safari,2,Activision Value,0.12,1,0,0,0,0,0,0,0,0,53.0,4.0,5.1,7.0,FUN Labs
86,Cabela's Big Game Hunter (2008),2,Activision Value,0.05,1,0,0,0,0,0,0,0,0,51.0,5.0,,0.0,FUN Labs
87,Cabela's Big Game Hunter 2010,2,Activision Value,2.33,1,1,0,1,0,0,0,0,0,,0.0,5.788888888888889,18.0,Activision
88,Cabela's Dangerous Hunts 2009,2,Activision Value,0.63,1,1,0,1,0,0,0,0,0,,10.0,,14.0,FUN Labs
89,Cabela's Dangerous Hunts 2011,2,Activision,0.58,1,0,0,1,0,0,0,0,0,56.81818181818182,11.0,,8.0,Activision
90,Cabela's Survival: Shadows of Katmai,2,Activision,0.28,1,0,0,1,0,0,0,0,0,,0.0,5.6,10.0,Activision
91,Cabela's Trophy Bucks,2,Activision Value,0.1,1,1,0,0,0,0,0,0,0,,4.0,,5.0,FUN Labs
92,Call of Duty 3,3,Activision,6.28,1,1,0,1,0,0,0,0,0,77.94871794871794,156.0,6.6003610108303254,277.0,Treyarch
93,Call of Duty Black Ops: Declassified,1,Activision,0.89,0,0,0,0,0,0,1,0,0,33.0,58.0,4.8,430.0,Nihilistic
94,Call of Duty: Black Ops,3,Activision,27.35,1,1,0,1,0,0,0,0,0,86.31976744186046,172.0,5.982892335766423,2192.0,Treyarch
95,Call of Duty: Ghosts,3,Activision,18.78,1,0,0,1,1,0,0,1,1,75.33663366336634,101.0,2.6218865143699333,4071.0,Infinity Ward
96,Call of Duty: Modern Warfare 2,3,Activision,23.48,1,0,0,1,0,0,0,0,0,94.0,167.0,6.058406658739595,4205.0,Infinity Ward
97,Call of Duty: Modern Warfare 3,3,Activision,27.6,1,1,0,1,0,0,0,0,0,85.88235294117646,136.0,3.1759430911834445,13917.0,"Treyarch, Sledgehammer Games"
98,Call of Duty: Roads to Victory,3,Activision,2.09,0,0,1,0,0,0,0,0,0,64.0,45.0,7.6,20.0,Amaze Entertainment
99,Call of Duty: World at War,3,Activision,14.05,1,1,0,1,0,0,0,0,0,84.17567567567568,148.0,7.382026537997588,829.0,Exakt
100,Call of Juarez,3,Ubisoft,0.17,1,0,0,0,0,0,0,0,0,71.0,37.0,6.8,37.0,Techland
101,Calvin Tucker's Redneck Jamboree,6,Zoo Games,0.29,0,1,0,0,0,0,0,0,0,26.0,6.0,,0.0,Humagade
102,Capcom Classics Collection Reloaded,6,Capcom,0.3,0,0,1,0,0,0,0,0,0,75.0,27.0,,0.0,Capcom
103,Capcom Puzzle World,12,Capcom,0.01,0,0,1,0,0,0,0,0,0,65.0,31.0,,0.0,Capcom
104,Captain America: Super Soldier,1,Sega,0.4,1,1,0,1,0,1,0,0,0,59.11214953271028,107.0,6.446268656716417,67.0,Next Level Games
105,"Carnival Games: Monkey See, Monkey Do!",6,Take-Two Interactive,0.27,1,0,0,0,0,0,0,0,0,56.0,12.0,5.5,6.0,Take-Two Interactive
106,Cars: Race-O-Rama,9,THQ,1.27,1,1,0,1,0,0,0,0,0,57.15,20.0,,5.0,Incinerator Games
107,Castlevania Judgment,4,Konami Digital Entertainment,0.15,0,1,0,0,0,0,0,0,0,49.0,33.0,6.2,48.0,Eighting
108,Castlevania: Lords of Shadow,1,Konami Digital Entertainment,1.49,1,0,0,1,0,0,0,0,0,83.93939393939394,132.0,7.964440078585461,509.0,Mercury Steam
109,Catherine,8,Deep Silver,0.86,1,0,0,1,0,0,0,0,0,80.17,100.0,7.833152173913043,368.0,Atlus
110,Celebrity Sports Showdown,2,Electronic Arts,0.44,0,1,0,0,0,0,0,0,0,50.0,12.0,4.6,18.0,EA Canada
111,Clive Barker's Jericho,3,Codemasters,0.49,1,0,0,1,0,0,0,0,0,61.725,80.0,7.429702970297029,101.0,"Mercury Steam, Alchemic Productions"
112,Cloudy With a Chance of Meatballs,8,Ubisoft,0.26,1,1,0,1,0,0,0,0,0,64.4,25.0,,15.0,Ubisoft Shanghai
113,Code Lyoko: Quest for Infinity,1,Game Factory,0.09,0,1,0,0,0,0,0,0,0,58.0,15.0,8.2,6.0,Game Factory
114,Code of Princess,1,Agatsuma Entertainment,0.17,0,0,0,0,0,1,0,0,0,67.0,38.0,7.7,56.0,Agatsuma Entertainment
115,College Hoops 2K7,2,Take-Two Interactive,0.36,1,0,0,1,0,0,0,0,0,81.70967741935483,31.0,8.076470588235296,17.0,2K Sports
116,College Hoops 2K8,2,Take-Two Interactive,0.29000000000000004,1,0,0,1,0,0,0,0,0,81.46153846153847,39.0,6.08,20.0,Visual Concepts
117,Conan,1,THQ,0.49,1,0,0,1,0,0,0,0,0,69.0,84.0,7.329166666666667,96.0,Nihilistic
118,Condemned 2: Bloodshot,3,Sega,0.96,1,0,0,1,0,0,0,0,0,80.65486725663717,113.0,8.483018867924528,212.0,Monolith Productions
119,Condemned: Criminal Origins,1,Sega,0.38,1,0,0,0,0,0,0,0,0,81.0,72.0,8.2,100.0,Monolith Productions
120,Conflict: Denied Ops,3,Eidos Interactive,0.35,1,0,0,1,0,0,0,0,0,51.55555555555556,63.0,3.933333333333333,45.0,Pivotal Games
121,Cranium Kabookii,6,Ubisoft,0.14,0,1,0,0,0,0,0,0,0,64.0,9.0,4.8,11.0,Ubisoft Quebec
122,Crash Tag Team Racing,9,Vivendi Games,0.21,0,0,1,0,0,0,0,0,0,68.0,9.0,8.4,12.0,Radical Entertainment
123,Crash of the Titans,1,Vivendi Games,1.33,1,1,1,0,0,0,0,0,0,,41.0,7.375,48.0,SuperVillain Studios
124,Create,6,Electronic Arts,0.44,1,1,0,1,0,0,0,0,0,60.755102040816325,49.0,,13.0,EA Bright Light
125,Cruis'n,9,Midway Games,0.11,0,1,0,0,0,0,0,0,0,25.0,7.0,3.7,15.0,Midway Studios - San Diego
126,Crush3D,10,Sega,0.08,0,0,0,0,0,1,0,0,0,71.0,32.0,7.5,12.0,Zoe Mode
127,Cursed Mountain,8,Deep Silver,0.2,0,1,0,0,0,0,0,0,0,67.0,51.0,7.5,31.0,"Deep Silver, Sproing Interactive Media"
128,DC Universe Online,5,Sony Online Entertainment,0.47,0,0,0,1,0,0,0,0,0,67.0,46.0,7.5,128.0,WBIE
129,DJ Hero,6,Activision,2.6,1,1,0,1,0,0,0,0,0,85.17006802721089,147.0,7.976923076923077,104.0,FreeStyleGames
130,DJ Hero 2,6,Activision,2.03,1,1,0,1,0,0,0,0,0,86.3030303030303,132.0,7.647169811320754,53.0,FreeStyleGames
131,DJ Max Fever,6,PM Studios,0.08,0,0,1,0,0,0,0,0,0,77.0,5.0,7.6,11.0,Pentavision Entertainment
132,DMC,1,Capcom,1.0,1,0,0,1,0,0,0,0,0,85.61904761904762,105.0,4.9,2473.0,Ninja Theory
133,Damnation,3,Codemasters,0.15000000000000002,1,0,0,1,0,0,0,0,0,36.0,75.0,4.40722891566265,83.0,Blue Omega
134,Dance Central,6,MTV Games,3.02,1,0,0,0,0,0,0,0,0,82.0,63.0,7.5,72.0,Harmonix Music Systems
135,Dance Dance Revolution Universe,11,Konami Digital Entertainment,0.3,1,0,0,0,0,0,0,0,0,74.0,26.0,8.8,5.0,Konami
136,Dance Dance Revolution Universe 2,11,Konami Digital Entertainment,0.48,1,0,0,0,0,0,0,0,0,65.0,10.0,7.4,5.0,Konami
137,Dance on Broadway,6,Ubisoft,0.98,0,1,0,0,0,0,0,0,0,48.0,6.0,,0.0,Longtail Studios
138,DanceDanceRevolution,11,Konami Digital Entertainment,0.13,0,0,0,1,0,0,0,0,0,60.0,5.0,,0.0,Konami
139,DanceStar Party,6,Sony Computer Entertainment,0.39,0,0,0,1,0,0,0,0,0,68.0,16.0,,0.0,SCEE
140,Dancing With The Stars,6,Activision,0.24,0,1,0,0,0,0,0,0,0,42.0,5.0,6.2,5.0,Zoe Mode
141,Dangan-Ronpa,8,Unknown,0.23,0,0,1,0,0,0,0,0,0,,0.0,9.6,11.0,Spike
142,Dante's Inferno,1,Electronic Arts,2.05,1,0,1,1,0,0,0,0,0,73.62337662337663,154.0,7.519950738916256,406.0,Visceral Games
143,Dark Sector,3,D3Publisher,0.9299999999999999,1,0,0,1,0,0,0,0,0,72.0,118.0,7.616666666666667,192.0,Digital Extremes
144,Dark Souls,5,Namco Bandai Games,2.53,1,0,0,1,0,0,0,0,0,89.0,120.0,8.506188925081434,1535.0,From Software
145,Darkest of Days,3,Phantom EFX,0.09,1,0,0,0,0,0,0,0,0,44.0,25.0,4.7,74.0,8Monkey Labs
146,Data East Arcade Classics,6,Majesco Entertainment,0.08,0,1,0,0,0,0,0,0,0,56.0,7.0,8.2,5.0,G1M2
147,Dave Mirra BMX Challenge,2,Oxygen Interactive,0.14,0,1,1,0,0,0,0,0,0,33.25,16.0,,6.0,Left Field Productions
148,Dead Island,1,Deep Silver,4.25,1,0,0,1,0,0,0,0,0,71.0,116.0,6.842176870748299,882.0,Techland
149,Dead Island: Riptide,1,Deep Silver,1.1400000000000001,1,0,0,1,0,0,0,0,0,58.838235294117645,68.0,6.232876712328767,292.0,Techland
150,Dead Rising,1,Capcom,2.03,1,0,0,0,0,0,0,0,0,85.0,82.0,7.7,449.0,Capcom
151,Dead Rising 2,1,Capcom,2.6799999999999997,1,0,0,1,0,0,0,0,0,79.41538461538461,130.0,6.910862619808307,313.0,Blue Castle Games
152,Dead Rising 3,1,Microsoft Game Studios,0.84,0,0,0,0,0,0,0,1,0,78.0,65.0,6.6,526.0,Capcom Vancouver
153,Dead Space Extraction,3,Electronic Arts,0.45,0,1,0,0,0,0,0,0,0,82.0,76.0,8.1,68.0,"Visceral Games, Eurocom Entertainment Software"
154,Dead or Alive Xtreme 2,2,Tecmo Koei,0.23,1,0,0,0,0,0,0,0,0,53.0,46.0,6.1,35.0,Team Ninja
155,Dead to Rights: Retribution,3,Namco Bandai Games,0.45,1,0,0,1,0,0,0,0,0,60.592592592592595,108.0,6.184210526315789,38.0,Volatile Games
156,Deadliest Catch: Sea of Chaos,2,Crave Entertainment,0.14,1,0,0,1,0,0,0,0,0,44.0,12.0,,0.0,Crave
157,Deadliest Warrior: Ancient Combat,4,Cloud Imperium Games Corporation,0.03,1,0,0,0,0,0,0,0,0,37.0,5.0,,0.0,"Pipeworks Software, Inc."
158,Deadly Creatures,1,THQ,0.2,0,1,0,0,0,0,0,0,0,72.0,45.0,8.9,30.0,Rainbow Studios
159,Deadly Premonition,1,Rising Star Games,0.32999999999999996,1,0,0,1,0,0,0,0,0,68.90140845070422,71.0,8.22166172106825,337.0,Access Games
160,Death Jr.,10,Konami Digital Entertainment,0.19,0,0,1,0,0,0,0,0,0,61.0,40.0,7.2,20.0,Backbone Entertainment
161,Death Jr.: Root of Evil,10,Eidos Interactive,0.11,0,1,0,0,0,0,0,0,0,71.0,14.0,8.1,14.0,Backbone Entertainment
162,Deca Sports,2,Konami Digital Entertainment,2.46,0,1,0,0,0,0,0,0,0,50.0,23.0,5.799999999999999,13.0,CAProduction
163,Deca Sports 3,2,Hudson Soft,0.2,0,1,0,0,0,0,0,0,0,41.0,7.0,,0.0,Hudson
164,Def Jam Icon,1,Electronic Arts,0.73,1,0,0,1,0,0,0,0,0,68.55813953488372,86.0,5.935294117647059,136.0,EA Chicago
165,Devil May Cry 4,1,Capcom,2.8,1,0,0,1,0,0,0,0,0,84.0,124.0,8.1095,400.0,Capcom
166,Devil Summoner: Soul Hackers,5,Atlus,0.23,0,0,0,0,0,1,0,0,0,74.0,46.0,7.5,57.0,Atlus
167,DiRT,9,Codemasters,1.87,1,0,0,1,0,0,0,0,0,83.0,91.0,7.640000000000001,105.0,Codemasters
168,DiRT 2,9,Codemasters,2.39,1,1,1,1,0,0,0,0,0,81.86092715231788,151.0,7.663589743589744,195.0,Codemasters
169,Disgaea 3: Absence of Justice,5,Square Enix,0.45,0,0,0,1,0,0,0,0,0,78.0,51.0,6.3,79.0,Nippon Ichi Software
170,Disgaea 4: A Promise Unforgotten,5,Nippon Ichi Software,0.51,0,0,0,1,0,0,0,0,0,80.0,39.0,7.5,107.0,Nippon Ichi Software
171,Dishonored,3,Bethesda Softworks,2.71,1,0,0,1,0,0,0,0,0,88.38461538461539,91.0,7.8,1250.0,Arkane Studios
172,Disney Infinity,1,Disney Interactive Studios,2.92,1,1,0,1,0,1,0,0,1,,69.0,5.9646408839779,181.0,Altron
173,Disney Sing It,6,Disney Interactive Studios,0.7,1,0,0,1,0,0,0,0,0,53.523809523809526,21.0,4.3500000000000005,12.0,Zoe Mode
174,Disney Universe,1,Disney Interactive Studios,1.91,1,1,0,1,0,0,0,0,0,66.85915492957747,71.0,6.409090909090909,22.0,Eurocom Entertainment Software
175,Disney's Chicken Little: Ace In Action,3,Disney Interactive Studios,0.1,0,1,0,0,0,0,0,0,0,72.0,8.0,,0.0,Avalanche Software
176,Disney's Meet the Robinsons,1,Disney Interactive Studios,0.25,1,1,0,0,0,0,0,0,0,63.96875,32.0,,4.0,Buena Vista Games
177,Divinity II: The Dragon Knight Saga,5,Focus Home Interactive,0.12,1,0,0,0,0,0,0,0,0,72.0,13.0,8.0,33.0,Larian Studios
178,Domino Rally,1,Nordcurrent,0.05,0,1,0,0,0,0,0,0,0,57.0,4.0,,0.0,RED Entertainment
179,Don King Boxing,2,Take-Two Interactive,0.24,0,1,0,0,0,0,0,0,0,55.0,17.0,,0.0,2K Shanghai
180,Donkey Kong Country Returns,10,Nintendo,6.1,0,1,0,0,0,0,0,0,0,87.0,77.0,8.5,260.0,Retro Studios
181,Dragon Ball Z: Battle of Z,4,Namco Bandai Games,0.15000000000000002,1,0,0,1,0,0,1,0,0,57.75,40.0,6.107228915662651,83.0,Artdink
182,Dragon Ball Z: Budokai Tenkaichi 3,4,Atari,0.99,0,1,0,0,0,0,0,0,0,72.0,27.0,8.1,46.0,"Spike, Namco Bandai Games"
183,Dragon Ball Z: Ultimate Tenkaichi,4,Namco Bandai Games,1.01,1,0,0,1,0,0,0,0,0,56.56,50.0,5.717821782178218,101.0,Spike
184,Dragon Ball: Raging Blast 2,4,Namco Bandai Games,1.1800000000000002,1,0,0,1,0,0,0,0,0,58.35,60.0,6.7042553191489365,47.0,Spike
185,Dragon's Lair Trilogy,8,Destineer,0.14,0,1,0,0,0,0,0,0,0,,0.0,8.8,4.0,Digital Leisure Inc.
186,Dragoneer's Aria,5,Tecmo Koei,0.07,0,0,1,0,0,0,0,0,0,56.0,30.0,6.4,5.0,Hit Maker
187,Driver: San Francisco,9,Ubisoft,1.58,1,1,0,1,0,0,0,0,0,78.65853658536585,123.0,7.485499999999999,200.0,Ubisoft Reflections
188,Dungeon Siege III,5,Square Enix,0.66,1,0,0,1,0,0,0,0,0,71.51401869158879,107.0,6.158709677419355,155.0,Obsidian Entertainment
189,Dynasty Warriors 6 Empires,1,Tecmo Koei,0.54,1,0,0,1,0,0,0,0,0,60.43478260869565,46.0,7.2,49.0,Omega Force
190,Dynasty Warriors 7,1,Tecmo Koei,1.04,1,0,0,1,0,0,0,0,0,57.46808510638298,47.0,7.585714285714286,84.0,Omega Force
191,Dynasty Warriors Gundam,1,Namco Bandai Games,0.64,1,0,0,1,0,0,0,0,0,57.301587301587304,63.0,6.844444444444445,36.0,"Omega Force, Koei"
192,Dynasty Warriors: Gundam 2,1,Namco Bandai Games,0.6699999999999999,1,0,0,1,0,0,0,0,0,51.11538461538461,52.0,7.109756097560975,41.0,Omega Force
193,Dynasty Warriors: Strikeforce,1,Tecmo Koei,0.92,1,0,1,1,0,0,0,0,0,63.15068493150685,73.0,6.893103448275861,29.0,Omega Force
194,EA Sports Active 2,2,Electronic Arts,2.4099999999999997,1,1,0,1,0,0,0,0,0,73.87755102040816,49.0,6.6000000000000005,41.0,EA Canada
195,EA Sports MMA,4,Electronic Arts,0.6100000000000001,1,0,0,1,0,0,0,0,0,78.14545454545454,110.0,6.841025641025642,78.0,EA Tiburon
196,ESPN: Sports Connection,2,Ubisoft,0.16,0,0,0,0,0,0,0,0,1,31.0,13.0,2.4,15.0,Ubisoft
197,Earth Defense Force 2017,3,D3Publisher,0.06,1,0,0,0,0,0,0,0,0,69.0,55.0,7.6,54.0,Sandlot
198,Eternal Sonata,5,Atari,0.6699999999999999,1,0,0,1,0,0,0,0,0,79.37777777777778,90.0,7.6894409937888195,161.0,Tri-Crescendo
199,ExerBeat,2,Namco Bandai Games,0.26,0,1,0,0,0,0,0,0,0,60.0,9.0,,0.0,Namco Bandai Games
200,F.E.A.R. 2: Project Origin,3,Warner Bros. Interactive Entertainment,0.9299999999999999,1,0,0,1,0,0,0,0,0,77.82758620689656,116.0,8.01030303030303,165.0,Monolith Productions
201,F1 2011,9,Codemasters,2.02,1,0,0,1,0,1,1,0,0,77.28776978417267,139.0,7.033858267716535,127.0,Codemasters
202,F1 2012,9,Codemasters,1.34,1,0,0,1,0,0,0,0,0,82.93846153846154,65.0,7.333695652173914,92.0,Codemasters
203,F1 2013,1,Codemasters,0.65,1,0,0,1,0,0,0,0,0,78.13725490196079,51.0,7.883333333333332,36.0,Codemasters
204,FIFA 06: Road to FIFA World Cup,2,Electronic Arts,0.14,1,0,0,0,0,0,0,0,0,62.0,39.0,5.9,31.0,EA Canada
205,FIFA Soccer,2,Electronic Arts,0.6,0,0,1,0,0,0,1,0,0,76.97058823529412,68.0,7.3208791208791215,91.0,EA Canada
206,FIFA Soccer 06,2,Electronic Arts,0.11,0,0,1,0,0,0,0,0,0,77.0,17.0,8.1,19.0,EA Sports
207,FIFA Soccer 08,2,Electronic Arts,5.43,1,1,1,1,0,0,0,0,0,79.03296703296704,91.0,7.3096774193548395,124.0,EA Canada
208,FIFA Soccer 09,2,Electronic Arts,5.779999999999999,1,0,1,1,0,0,0,0,0,86.76237623762377,101.0,7.86268656716418,201.0,EA Canada
209,FIFA Soccer 12,2,Electronic Arts,12.110000000000001,1,1,1,1,0,1,0,0,0,,135.0,6.834318555008211,609.0,Electronic Arts
210,FIFA Soccer 13,1,Electronic Arts,13.72,1,1,1,1,0,1,1,0,1,,126.0,5.708010012515644,799.0,Electronic Arts
211,FIFA Street,2,Electronic Arts,1.77,1,0,0,1,0,0,0,0,0,76.56626506024097,83.0,6.3546391752577325,97.0,EA Sports
212,FIFA Street 3,2,Electronic Arts,0.54,1,0,0,1,0,0,0,0,0,63.0,85.0,7.1,32.0,EA Canada
213,FIFA World Cup Germany 2006,2,Electronic Arts,0.59,1,0,1,0,0,0,0,0,0,72.0,64.0,6.736585365853658,41.0,EA Canada
214,Fable II,5,Microsoft Game Studios,4.16,1,0,0,0,0,0,0,0,0,89.0,95.0,6.4,2260.0,Lionhead Studios
215,Fable III,5,Microsoft Game Studios,4.93,1,0,0,0,0,0,0,0,0,80.0,88.0,6.6,474.0,Lionhead Studios
216,Fable: The Journey,5,Microsoft Game Studios,0.21,1,0,0,0,0,0,0,0,0,61.0,70.0,4.5,73.0,Lionhead Studios
217,Fairytale Fights,1,Playlogic Game Factory,0.28,1,0,0,1,0,0,0,0,0,51.839506172839506,81.0,6.3551724137931025,29.0,"Playlogic, The Game Factory"
218,Fallout: New Vegas,5,Bethesda Softworks,6.21,1,0,0,1,0,0,0,0,0,83.17391304347827,138.0,7.848829431438126,897.0,Obsidian Entertainment
219,Family Guy: Back to the Multiverse,1,Activision,0.36,1,0,0,1,0,0,0,0,0,39.24324324324324,37.0,5.326315789473685,57.0,Heavy Iron Studios
220,Fantastic Four: Rise of the Silver Surfer,1,Take-Two Interactive,0.27,1,1,0,1,0,0,0,0,0,44.388888888888886,72.0,4.58,30.0,Visual Concepts
221,Farming Simulator 2013,1,Focus Home Interactive,0.29,1,0,0,1,0,0,0,0,0,37.10344827586207,29.0,5.233333333333333,30.0,Giants Software
222,Fast Food Panic,11,Nobilis,0.06,0,1,0,0,0,0,0,0,0,57.0,6.0,,0.0,Dorasu
223,Fate/Extra,5,Marvelous Interactive,0.27,0,0,1,0,0,0,0,0,0,58.0,10.0,7.8,29.0,Image Epoch
224,Fight Night Round 3,4,Electronic Arts,3.57,1,0,1,1,0,0,0,0,0,83.02380952380952,126.0,8.837241379310345,290.0,EA Chicago
225,Fight Night Round 4,4,Electronic Arts,2.8200000000000003,1,0,0,1,0,0,0,0,0,87.37903225806451,124.0,7.7926829268292686,164.0,EA Canada
226,Final Fantasy Fables: Chocobo's Dungeon,5,Square Enix,0.2,0,1,0,0,0,0,0,0,0,76.0,34.0,7.8999999999999995,19.0,h.a.n.d. Inc.
227,Final Fantasy IV: The Complete Collection,5,Square Enix,0.5,0,0,1,0,0,0,0,0,0,77.0,41.0,8.0,49.0,Bullets
228,Fire Emblem: Radiant Dawn,7,Nintendo,0.47,0,1,0,0,0,0,0,0,0,78.0,36.0,8.9,120.0,Intelligent Systems
229,Fist of the North Star: Ken's Rage,1,Ubisoft Annecy,0.77,1,0,0,1,0,0,0,0,0,59.44117647058823,68.0,7.238636363636363,44.0,Koei
230,Fit in Six,2,Ubisoft,0.11,0,0,0,1,0,0,0,0,0,,0.0,7.300000000000001,9.0,Blue Byte
231,FlatOut: Head On,9,Empire Interactive,0.29,0,0,1,0,0,0,0,0,0,74.0,28.0,8.7,15.0,Bugbear
232,Flip's Twisted World,10,Unknown,0.05,0,1,0,0,0,0,0,0,0,47.0,7.0,,0.0,Majesco Games
233,Ford Bold Moves Street Racing,9,Xplosiv,0.04,0,0,1,0,0,0,0,0,0,52.0,19.0,,0.0,Razorworks Studios
234,Ford Racing Off Road,9,Xplosiv,0.61,0,1,1,0,0,0,0,0,0,42.45454545454545,11.0,,0.0,Razorworks Studios
235,Forza Motorsport 2,9,Microsoft Game Studios,4.01,1,0,0,0,0,0,0,0,0,90.0,66.0,8.4,334.0,Turn 10
236,Forza Motorsport 5,9,Microsoft Game Studios,1.01,0,0,0,0,0,0,0,1,0,80.0,73.0,5.4,662.0,Turn 10
237,Fragile Dreams: Farewell Ruins of the Moon,5,Rising Star Games,0.33,0,1,0,0,0,0,0,0,0,67.0,41.0,8.3,52.0,Tri-Crescendo
238,Frogger 3D,1,Konami Digital Entertainment,0.15,0,0,0,0,0,1,0,0,0,54.0,11.0,4.8,6.0,Alpha Unit
239,Furu Furu Park,6,Taito,0.05,0,1,0,0,0,0,0,0,0,43.0,16.0,4.8,5.0,"Taito Corporation, 505 Games"
240,G-Force,1,Disney Interactive Studios,0.7999999999999999,1,1,0,1,0,0,0,0,0,68.09836065573771,61.0,7.2,20.0,Eurocom Entertainment Software
241,G.I. Joe: The Rise of Cobra,1,Electronic Arts,0.63,1,1,0,1,0,0,0,0,0,43.28431372549019,102.0,,33.0,Double Helix Games
242,GRID,9,Codemasters,1.9,1,0,0,1,0,0,0,0,0,87.0,101.0,7.983076923076923,195.0,Codemasters
243,GT Pro Series,9,Ubisoft,0.52,0,1,0,0,0,0,0,0,0,41.0,15.0,4.0,21.0,MTO
244,Gabrielle's Ghostly Groove 3D,8,Funbox Media,0.08,0,0,0,0,0,1,0,0,0,62.0,9.0,8.4,8.0,Santa Entertainment
245,Gears of War 2,3,Microsoft Game Studios,6.66,1,0,0,0,0,0,0,0,0,93.0,90.0,7.6000000000000005,2442.0,Epic Games
246,Generation of Chaos,5,Midas Interactive Entertainment,0.06,0,0,1,0,0,0,0,0,0,60.0,29.0,7.8,16.0,Idea Factory
247,Generator Rex: Agent of Providence,1,Activision,0.05,1,0,0,0,0,0,0,0,0,,0.0,4.5,4.0,Virtuos
248,Geometry Wars: Galaxies,3,Vivendi Games,0.12,0,1,0,0,0,0,0,0,0,80.0,55.0,8.2,25.0,Kuju Entertainment
249,George of the Jungle and the Search for the Secret,10,Ignition Entertainment,0.02,0,1,0,0,0,0,0,0,0,35.0,10.0,4.0,6.0,Crave
250,Get Fit with Mel B,2,Black Bean Games,0.4,1,0,0,1,0,0,0,0,0,62.81818181818182,11.0,,0.0,Lightning Fish Games
251,Ghost Rider,1,Take-Two Interactive,0.23,0,0,1,0,0,0,0,0,0,49.0,17.0,5.1,11.0,Climax Group
252,Ghostbusters: The Video Game,1,Atari,2.39,1,1,1,1,0,0,0,0,0,76.12426035502959,169.0,7.986124401913875,209.0,Red Fly Studio
253,Go Vacation,6,Namco Bandai Games,1.35,0,1,0,0,0,0,0,0,0,64.0,28.0,6.7,7.0,Namco Bandai Games
254,God of War Collection,1,Sony Computer Entertainment,2.49,0,0,0,1,0,0,0,0,0,91.0,50.0,8.8,376.0,Bluepoint Games
255,God of War III,1,Sony Computer Entertainment,4.64,0,0,0,1,0,0,0,0,0,92.0,101.0,8.7,2085.0,SCE Santa Monica
256,God of War: Chains of Olympus,1,Sony Computer Entertainment,3.13,0,0,1,0,0,0,0,0,0,91.0,79.0,8.8,439.0,Ready at Dawn
257,God of War: Origins Collection,1,Sony Computer Entertainment,0.48,0,0,0,1,0,0,0,0,0,84.0,58.0,8.4,146.0,Ready at Dawn
258,Golden Axe: Beast Rider,1,Sega,0.62,1,0,0,1,0,0,0,0,0,44.523809523809526,63.0,5.5936170212765965,47.0,Secret Level
259,Grand Slam Tennis 2,2,Electronic Arts,0.32,1,0,0,1,0,0,0,0,0,71.8780487804878,82.0,5.2555555555555555,27.0,EA Sports
260,Grand Theft Auto IV,1,Take-Two Interactive,20.68,1,0,0,1,0,0,0,0,0,98.0,150.0,7.673745997865528,4685.0,Rockstar North
261,Grand Theft Auto V,1,Take-Two Interactive,30.04,1,0,0,1,0,0,0,0,0,97.0,108.0,8.148792452830188,5300.0,Rockstar North
262,Grand Theft Auto: Chinatown Wars,8,Take-Two Interactive,1.01,0,0,1,0,0,0,0,0,0,90.0,77.0,7.2,101.0,Rockstar Leeds
263,Green Lantern: Rise of the Manhunters,1,Warner Bros. Interactive Entertainment,0.37,1,1,0,1,0,1,0,0,0,55.666666666666664,39.0,,45.0,Double Helix Games
264,Greg Hastings Paintball 2,3,Majesco Entertainment,0.22,1,0,0,1,0,0,0,0,0,,5.0,,7.0,Super X Studios
265,Gretzky NHL,2,Sony Computer Entertainment,0.1,0,0,1,0,0,0,0,0,0,61.0,23.0,7.4,8.0,Page 44 Studios
266,Gretzky NHL 06,2,Sony Computer Entertainment,0.14,0,0,1,0,0,0,0,0,0,65.0,22.0,,0.0,Page 44 Studios
267,Guilty Gear 2: Overture,4,505 Games,0.01,1,0,0,0,0,0,0,0,0,56.0,12.0,6.5,4.0,Arc System Works
268,Guilty Gear XX Accent Core,4,505 Games,0.04,0,1,0,0,0,0,0,0,0,75.0,15.0,8.6,15.0,Arc System Works
269,Guinness World Records: The Videogame,1,Warner Bros. Interactive Entertainment,1.02,0,1,0,0,0,0,0,0,0,67.0,12.0,7.0,8.0,TT Fusion
270,Guitar Hero III: Legends of Rock,6,Activision,11.169999999999998,1,1,0,1,0,0,0,0,0,84.64,150.0,7.88498023715415,253.0,Vicarious Visions
271,Guitar Hero: Metallica,6,Activision,2.25,1,1,0,1,0,0,0,0,0,84.85714285714286,126.0,8.056521739130435,115.0,Neversoft Entertainment
272,Guitar Hero: Smash Hits,6,Activision,1.25,1,1,0,1,0,0,0,0,0,72.11214953271028,107.0,6.537931034482759,29.0,Beenox
273,Guitar Hero: Van Halen,6,Activision,0.72,1,1,0,1,0,0,0,0,0,56.77215189873418,79.0,5.137037037037037,27.0,Neversoft Entertainment
274,Guitar Hero: Warriors of Rock,6,Activision,2.4299999999999997,1,1,0,1,0,0,0,0,0,73.62043795620438,137.0,6.415189873417722,79.0,Neversoft Entertainment
275,Guitar Hero: World Tour,6,Activision,8.01,1,1,0,1,0,0,0,0,0,84.8046875,128.0,6.8962711864406785,295.0,Neversoft Entertainment
276,Gun,3,Activision,0.25,1,0,0,0,0,0,0,0,0,75.0,53.0,7.2,44.0,Neversoft Entertainment
277,Gun Showdown,1,Activision,0.06,0,0,1,0,0,0,0,0,0,73.0,41.0,7.3,7.0,"Neversoft Entertainment, Rebellion"
278,GunPey,12,Atari,0.05,0,0,1,0,0,0,0,0,0,62.0,24.0,,0.0,Q Entertainment
279,Gurumin: A Monstrous Adventure,5,505 Games,0.01,0,0,1,0,0,0,0,0,0,78.0,41.0,7.6,16.0,Falcom
280,Hail to the Chimp,6,Gamecock,0.08,1,0,0,1,0,0,0,0,0,51.54761904761905,42.0,,7.0,Wideload Games Inc.
281,Halo 4,3,Microsoft Game Studios,8.94,1,0,0,0,0,0,0,0,0,87.0,87.0,6.9,2605.0,343 Industries
282,Halo Wars,7,Microsoft Game Studios,2.41,1,0,0,0,0,0,0,0,0,82.0,92.0,7.1,348.0,Ensemble Studios
283,Hammerin' Hero,1,Irem Software Engineering,0.04,0,0,1,0,0,0,0,0,0,73.0,19.0,7.6,5.0,Irem
284,Hannah Montana: Spotlight World Tour,1,Disney Interactive Studios,1.38,0,1,0,0,0,0,0,0,0,,0.0,6.8,19.0,Avalanche Software
285,Hannah Montana: The Movie,8,Disney Interactive Studios,0.4,1,0,0,1,0,0,0,0,0,,4.0,3.0180000000000002,50.0,n-Space
286,Happy Feet,8,Midway Games,0.14,0,1,0,0,0,0,0,0,0,46.0,11.0,7.3,12.0,Artificial Mind and Movement
287,Harry Potter and the Deathly Hallows - Part 1,1,Electronic Arts,1.24,1,1,0,1,0,0,0,0,0,38.311688311688314,77.0,4.649180327868853,61.0,EA Bright Light
288,Harry Potter and the Deathly Hallows - Part 2,1,Electronic Arts,0.8500000000000001,1,1,0,1,0,0,0,0,0,43.94827586206897,58.0,5.362790697674419,43.0,
289,Harry Potter and the Half-Blood Prince,1,Electronic Arts,1.76,1,1,1,1,0,0,0,0,0,,108.0,6.614705882352941,34.0,EA Bright Light
290,Heatseeker,1,Codemasters,0.13,0,1,1,0,0,0,0,0,0,59.15625,32.0,,31.0,IR Gurus
291,Hellboy: The Science of Evil,1,Konami Digital Entertainment,0.27,1,0,1,1,0,0,0,0,0,44.60294117647059,68.0,6.388888888888889,27.0,Krome Studios
292,Heroes over Europe,11,Ubisoft,0.26,1,0,0,1,0,0,0,0,0,62.0,73.0,7.491304347826087,23.0,Transmission Games
293,Hexyz Force,5,Atlus,0.14,0,0,1,0,0,0,0,0,0,68.0,13.0,7.8,16.0,Sting
294,High Velocity Bowling,2,Sony Computer Entertainment,0.12,0,0,0,1,0,0,0,0,0,66.0,14.0,8.1,22.0,SCEA
295,Hitman: Absolution,1,Square Enix,3.38,1,0,0,1,0,0,0,0,0,80.48148148148148,81.0,7.211420982735724,753.0,Io Interactive
296,Hitman: Blood Money,1,Eidos Interactive,0.36,1,0,0,0,0,0,0,0,0,82.0,53.0,8.9,67.0,Io Interactive
297,Hot Shots Golf: Out of Bounds,2,Sony Computer Entertainment,1.11,0,0,0,1,0,0,0,0,0,81.0,66.0,8.7,29.0,Clap Hanz
298,Hot Shots Tennis: Get a Grip,2,Sony Computer Entertainment,0.18,0,0,1,0,0,0,0,0,0,80.0,27.0,8.5,13.0,Clap Hanz
299,Hot Wheels: Beat That!,9,Activision,0.13,0,1,0,0,0,0,0,0,0,,0.0,5.3,9.0,Eutechnyx
300,Hyperdimension Neptunia,5,Tecmo Koei,0.36,0,0,0,1,0,0,0,0,0,45.0,31.0,7.8,116.0,"Compile Heart, Idea Factory"
301,Hyperdimension Neptunia Victory,5,Compile Heart,0.12,0,0,0,1,0,0,0,0,0,55.0,19.0,8.1,57.0,"Compile Heart, Idea Factory"
302,Hyperdimension Neptunia mk2,1,Nippon Ichi Software,0.01,0,0,0,1,0,0,0,0,0,53.0,16.0,7.9,90.0,Idea Factory
303,Hysteria Hospital: Emergency Ward,1,Oxygen Interactive,0.05,0,1,0,0,0,0,0,0,0,53.0,10.0,,0.0,Gameinvest
304,IL-2 Sturmovik: Birds of Prey,11,505 Games,1.32,1,0,1,1,0,0,0,0,0,,71.0,6.897560975609756,41.0,Gaijin Entertainment
305,Ice Age: Dawn of the Dinosaurs,10,Activision,0.51,1,1,0,1,0,0,0,0,0,68.96825396825396,63.0,,8.0,Activision
306,Imagine: Party Babyz,11,Ubisoft,0.36,0,1,0,0,0,0,0,0,0,,0.0,7.3,12.0,Ubisoft
307,Inazuma Eleven Strikers,5,Nintendo,0.26,0,1,0,0,0,0,0,0,0,59.0,16.0,8.8,6.0,Level 5
308,Indiana Jones and the Staff of Kings,1,Activision,0.9199999999999999,0,1,1,0,0,0,0,0,0,56.904761904761905,42.0,7.3047619047619055,42.0,Artificial Mind and Movement
309,Infected,3,THQ,0.15,0,0,1,0,0,0,0,0,0,74.0,49.0,8.9,26.0,Planet Moon Studios
310,Injustice: Gods Among Us,4,Warner Bros. Interactive Entertainment,1.9100000000000001,1,0,0,1,0,0,0,0,1,79.99047619047619,105.0,7.9107615894039744,604.0,NetherRealm Studios
311,Invizimals,7,Sony Computer Entertainment,0.74,0,0,1,0,0,0,0,0,0,69.0,32.0,6.9,15.0,Novarama
312,Iron Man,1,Sega,2.41,1,1,1,1,0,0,0,0,0,43.879120879120876,91.0,6.255140186915889,107.0,Artificial Mind and Movement
313,Iron Man 2,1,Sega,1.2699999999999998,1,1,1,1,0,0,0,0,0,41.78048780487805,82.0,,85.0,"Sega Studios, San Francisco"
314,Jak and Daxter: The Lost Frontier,10,Sony Computer Entertainment,0.57,0,0,1,0,0,0,0,0,0,71.0,47.0,6.6,15.0,High Impact Games
315,James Bond 007: Blood Stone,1,Activision,1.05,1,0,0,1,0,0,0,0,0,63.278260869565216,115.0,7.172941176470587,85.0,Bizarre Creations
316,James Cameron's Avatar: The Game,1,Ubisoft,2.8499999999999996,1,1,1,1,0,0,0,0,0,,125.0,6.356488549618321,131.0,Ubisoft
317,Jillian Michaels' Fitness Ultimatum 2009,2,Deep Silver,1.26,0,1,0,0,0,0,0,0,0,30.0,4.0,2.0,22.0,3G Studios
318,Jimmie Johnson's Anything With an Engine,9,Konami Digital Entertainment,0.11,1,0,0,1,0,0,0,0,0,66.0,10.0,7.945454545454544,11.0,Isopod Labs
319,Jonah Lomu Rugby Challenge,2,Home Entertainment Suppliers,0.47,1,0,0,1,0,0,0,0,0,70.3,20.0,,7.0,Sidhe Interactive
320,Journey,8,Sony Computer Entertainment Europe,0.1,0,0,0,1,0,0,0,0,0,92.0,78.0,8.7,985.0,ThatGameCompany
321,Juiced 2: Hot Import Nights,9,THQ,1.2,1,0,1,1,0,0,0,0,0,69.5,40.0,7.830303030303029,33.0,Juice Games
322,Juiced: Eliminator,9,THQ,0.42,0,0,1,0,0,0,0,0,0,65.0,24.0,8.8,4.0,Juice Games
323,JumpStart: Escape from Adventure Island,8,Knowledge Adventure,0.41,0,1,0,0,0,0,0,0,0,68.0,8.0,,0.0,Knowledge Adventure Inc.
324,Jurassic: The Hunted,3,Activision,0.11,1,0,0,0,0,0,0,0,0,60.0,4.0,7.599999999999999,18.0,Activision
325,Just Dance 2014,6,Ubisoft,4.4,1,1,0,1,1,0,0,1,1,,41.0,6.7610465116279075,172.0,Ubisoft
326,Just Dance 3,6,Ubisoft,12.329999999999998,1,1,0,1,0,0,0,0,0,71.57407407407408,54.0,7.43125,32.0,Ubisoft
327,Just Dance 4,6,Ubisoft,8.450000000000001,1,1,0,1,0,0,0,0,1,73.46153846153847,52.0,7.363461538461538,104.0,Ubisoft
328,Karaoke Revolution,6,Konami Digital Entertainment,0.62,1,1,0,1,0,0,0,0,0,64.11764705882354,17.0,,0.0,Blitz Games Studios
329,Karaoke Revolution Presents American Idol Encore,6,Konami Digital Entertainment,0.65,1,1,0,1,0,0,0,0,0,,7.0,7.521212121212121,33.0,Blitz Games
330,Katamari Forever,12,Namco Bandai Games,0.33,0,0,0,1,0,0,0,0,0,74.0,51.0,8.2,37.0,Bandai Namco Games
331,Killzone: Liberation,3,Sony Computer Entertainment,0.85,0,0,1,0,0,0,0,0,0,77.0,56.0,8.4,63.0,Guerrilla
332,Killzone: Mercenary,3,Sony Computer Entertainment Europe,0.35,0,0,0,0,0,0,1,0,0,78.0,85.0,9.1,293.0,Guerilla Cambridge
333,Kinect Sports: Season Two,2,Microsoft Game Studios,2.18,1,0,0,0,0,0,0,0,0,66.0,46.0,6.3,27.0,"BigPark, Rare Ltd."
334,Kinect: Disneyland Adventures,6,Microsoft Game Studios,2.19,1,0,0,0,0,0,0,0,0,73.0,33.0,5.900000000000001,24.0,Frontier Developments
335,Kingdom Under Fire: Circle of Doom,5,Microsoft Game Studios,0.35,1,0,0,0,0,0,0,0,0,55.0,44.0,6.1,44.0,Blueside
336,Kirby's Epic Yarn,10,Nintendo,1.98,0,1,0,0,0,0,0,0,0,86.0,70.0,8.3,147.0,Good-Feel
337,Klonoa,10,Namco Bandai Games,0.15,0,1,0,0,0,0,0,0,0,77.0,37.0,8.9,26.0,Paon Corporation
338,Knack,1,Sony Computer Entertainment,0.55,0,0,0,0,1,0,0,0,0,54.0,83.0,6.6,665.0,SCE Japan Studio
339,Kung Fu Panda,10,Activision,4.41,1,1,0,1,0,0,0,0,0,74.09411764705882,85.0,7.357499999999999,40.0,"Luxoflux, Inc."
340,Kung Fu Rider,1,Sony Computer Entertainment,0.18,0,0,0,1,0,0,0,0,0,36.0,45.0,3.2,16.0,SCE Japan Studio
341,LEGO Batman 2: DC Super Heroes,1,Warner Bros. Interactive Entertainment,4.18,1,1,0,1,0,1,1,0,1,,109.0,6.8218884120171674,233.0,TT Games
342,LEGO Harry Potter: Years 1-4,8,Warner Bros. Interactive Entertainment,5.29,1,1,1,1,0,0,0,0,0,78.72649572649573,117.0,,114.0,Traveller's Tales
343,LEGO Harry Potter: Years 5-7,1,Warner Bros. Interactive Entertainment,2.93,1,1,0,1,0,1,1,0,0,73.625,96.0,7.505555555555556,90.0,Traveller's Tales
344,LEGO Indiana Jones 2: The Adventure Continues,8,Activision,3.08,1,1,0,1,0,0,0,0,0,70.84810126582279,79.0,6.72,35.0,Traveller's Tales
345,LEGO Pirates of the Caribbean: The Video Game,1,Disney Interactive Studios,3.75,1,1,1,1,0,1,0,0,0,72.52671755725191,131.0,,74.0,Traveller's Tales
346,LEGO Rock Band,6,Warner Bros. Interactive Entertainment,1.56,1,1,0,1,0,0,0,0,0,72.27722772277228,101.0,7.166666666666667,48.0,TT Fusion
347,LEGO Star Wars II: The Original Trilogy,1,LucasArts,1.98,1,0,1,0,0,0,0,0,0,81.36065573770492,61.0,8.29672131147541,61.0,Traveller's Tales
348,LEGO Star Wars III: The Clone Wars,1,LucasArts,4.970000000000001,1,1,1,1,0,1,0,0,0,73.21739130434783,115.0,,79.0,Traveller's Tales
349,LEGO Star Wars: The Complete Saga,1,LucasArts,9.33,1,1,0,1,0,0,0,0,0,80.0,59.0,6.994285714285715,175.0,Traveller's Tales
350,LEGO The Lord of the Rings,1,Warner Bros. Interactive Entertainment,2.93,1,1,0,1,0,1,1,0,0,,77.0,7.753548387096775,155.0,TT Games
351,Lair,1,Sony Computer Entertainment,0.48,0,0,0,1,0,0,0,0,0,53.0,55.0,6.400000000000001,212.0,"Factor 5, SCE/WWS"
352,Last Rebellion,5,Nippon Ichi Software,0.08,0,0,0,1,0,0,0,0,0,44.0,30.0,4.5,31.0,Hit Maker
353,Legasista,5,Nippon Ichi Software,0.04,0,0,0,1,0,0,0,0,0,68.0,13.0,6.299999999999999,13.0,System Prisma
354,Legend of the Dragon,4,Game Factory,0.09,0,1,1,0,0,0,0,0,0,37.46153846153846,26.0,,5.0,Neko Entertainment
355,Legend of the Guardians: The Owls of Ga'Hoole,1,Warner Bros. Interactive Entertainment,0.19000000000000003,1,1,0,1,0,0,0,0,0,59.55555555555556,27.0,,0.0,Krome Studios
356,Legends of WrestleMania,4,THQ,0.86,1,0,0,1,0,0,0,0,0,70.57843137254902,102.0,6.26,35.0,Yuke's
357,Lego City Undercover,1,Nintendo,1.66,0,0,0,0,0,1,0,0,1,72.8,110.0,7.685245901639345,244.0,Traveller's Tales
358,Lego Marvel Super Heroes,1,Warner Bros. Interactive Entertainment,3.27,1,0,0,1,1,1,1,1,1,,91.0,7.479279279279279,333.0,TT Games
359,Let's TAP,6,Sega,0.16,0,1,0,0,0,0,0,0,0,70.0,47.0,7.0,9.0,Prope
360,Lightning Returns: Final Fantasy XIII,5,Square Enix,0.43,1,0,0,1,0,0,0,0,0,66.85714285714286,56.0,6.262910798122066,213.0,Square Enix
361,Lips: Number One Hits,6,Microsoft Game Studios,0.5,1,0,0,0,0,0,0,0,0,70.0,22.0,7.5,6.0,iNiS
362,Little King's Story,7,Rising Star Games,0.27,0,1,0,0,0,0,0,0,0,87.0,50.0,8.8,72.0,Cing
363,Little League World Series Baseball 2008,2,Activision,0.09,0,1,0,0,0,0,0,0,0,70.0,8.0,8.0,6.0,Now Production
364,Little League World Series Baseball 2010,2,Activision,0.12000000000000001,1,0,0,1,0,0,0,0,0,58.0,8.0,,0.0,Now Production
365,LittleBigPlanet 2,10,Sony Computer Entertainment,3.09,0,0,0,1,0,0,0,0,0,91.0,86.0,8.3,482.0,Media Molecule
366,Lollipop Chainsaw,1,Warner Bros. Interactive Entertainment,0.96,1,0,0,1,0,0,0,0,0,68.9009900990099,101.0,6.958163265306124,392.0,Grasshopper Manufacture
367,Looney Tunes: Acme Arsenal,1,Warner Bros. Interactive Entertainment,0.3,1,1,0,0,0,0,0,0,0,35.86363636363637,22.0,6.121739130434782,23.0,Red Tribe
368,Lost Planet 2,3,Capcom,1.6,1,0,0,1,0,0,0,0,0,68.0,119.0,6.430434782608695,138.0,Capcom
369,Lost Planet: Extreme Condition,3,Capcom,1.9100000000000001,1,0,0,1,0,0,0,0,0,75.2909090909091,110.0,7.075,184.0,Capcom
370,Lucha Libre AAA: Heroes del Ring,4,Konami Digital Entertainment,0.14,1,0,0,1,0,0,0,0,0,50.76470588235294,17.0,6.084999999999999,20.0,Immersion Software & Graphics
371,Luigi's Mansion: Dark Moon,8,Nintendo,3.47,0,0,0,0,0,1,0,0,0,86.0,74.0,8.6,276.0,Next Level Games
372,Luxor: The Wrath of Set,12,Mumbo Jumbo,0.02,0,0,1,0,0,0,0,0,0,60.0,16.0,,0.0,MumboJumbo
373,MLB,2,Sony Computer Entertainment,0.24,0,0,1,0,0,0,0,0,0,80.0,26.0,8.7,15.0,989 Sports
374,MLB 06: The Show,2,Sony Computer Entertainment,0.35,0,0,1,0,0,0,0,0,0,83.0,30.0,8.6,30.0,SCEA San Diego Studios
375,MLB 07: The Show,2,Sony Computer Entertainment,0.5900000000000001,0,0,1,1,0,0,0,0,0,78.42857142857143,42.0,8.043478260869565,23.0,SCEA San Diego Studios
376,MLB 08: The Show,2,Sony Computer Entertainment,1.02,0,0,1,1,0,0,0,0,0,84.40425531914893,47.0,8.987951807228916,83.0,SCEA San Diego Studios
377,MLB 09: The Show,2,Sony Computer Entertainment,0.95,0,0,1,1,0,0,0,0,0,86.3076923076923,39.0,8.178688524590164,61.0,SCEA San Diego Studios
378,MLB 10: The Show,2,Sony Computer Entertainment,0.8699999999999999,0,0,1,1,0,0,0,0,0,88.0,44.0,8.294117647058824,102.0,SCEA
379,MLB 12: The Show,2,Sony Computer Entertainment,1.03,0,0,0,1,0,0,1,0,0,82.65789473684211,38.0,7.55754716981132,106.0,SCEA San Diego Studios
380,MTX Mototrax,9,Activision,0.05,0,0,1,0,0,0,0,0,0,67.0,8.0,,0.0,Left Field Productions
381,MX vs. ATV Reflex,9,THQ,1.46,1,0,0,1,0,0,0,0,0,74.51648351648352,91.0,6.764705882352941,34.0,Rainbow Studios
382,MX vs. ATV Untamed,9,THQ,1.94,1,1,1,1,0,0,0,0,0,67.56842105263158,95.0,,31.0,Rainbow Studios
383,MX vs. ATV: Alive,9,THQ,0.89,1,0,0,1,0,0,0,0,0,62.023809523809526,84.0,7.338461538461539,26.0,THQ Digital Studio Phoenix
384,Madden NFL 07,2,Unknown,3.62,1,1,1,1,0,0,0,0,0,79.23484848484848,132.0,6.027083333333334,192.0,EA Tiburon
385,Madden NFL 08,2,Electronic Arts,4.88,1,1,1,1,0,0,0,0,0,80.81896551724138,116.0,6.34191616766467,167.0,EA Tiburon
386,Madden NFL 10,2,Electronic Arts,6.499999999999999,1,1,1,1,0,0,0,0,0,,122.0,6.522023809523809,168.0,EA Tiburon
387,Madden NFL 12,2,Electronic Arts,5.18,1,1,0,1,0,0,0,0,0,,86.0,5.736879432624114,141.0,EA Tiburon
388,Madden NFL 13,2,Electronic Arts,5.870000000000001,1,1,0,1,0,0,1,0,1,,95.0,5.843601895734596,422.0,EA Tiburon
389,Madden NFL 25,2,Electronic Arts,4.25,1,0,0,1,1,0,0,1,0,76.5125,80.0,5.279261363636364,352.0,EA Sports
390,Madden NFL Football,2,Electronic Arts,0.31,0,0,0,0,0,1,0,0,0,49.0,18.0,5.4,14.0,EA Tiburon
391,Mafia II,1,Take-Two Interactive,2.71,1,0,0,1,0,0,0,0,0,74.43571428571428,140.0,7.6,539.0,2K Czech
392,Magna Carta 2,5,Banpresto,0.28,1,0,0,0,0,0,0,0,0,69.0,49.0,7.099999999999999,48.0,"Banpresto, SoftMax"
393,Mahjong Cub3D,12,Sunsoft,0.07,0,0,0,0,0,1,0,0,0,67.0,11.0,5.3,4.0,SunSoft
394,Major League Baseball 2K10,2,Take-Two Interactive,0.9199999999999999,1,1,0,1,0,0,0,0,0,73.34693877551021,49.0,,41.0,Visual Concepts
395,Major League Baseball 2K11,2,Take-Two Interactive,0.58,1,0,0,1,0,0,0,0,0,69.975,40.0,6.675,32.0,Visual Concepts
396,Major League Baseball 2K12,2,Take-Two Interactive,0.62,1,0,0,1,0,0,0,0,0,68.0,27.0,6.016,25.0,Visual Concepts
397,Major League Baseball 2K6,2,Unknown,0.49,1,0,1,0,0,0,0,0,0,66.55555555555556,27.0,,37.0,Visual Concepts
398,Major League Baseball 2K7,2,Spike,1.04,1,0,1,1,0,0,0,0,0,75.63636363636364,55.0,,41.0,Kush Games
399,Major League Baseball 2K8,2,Bethesda Softworks,1.0399999999999998,1,1,1,1,0,0,0,0,0,67.36363636363636,66.0,,57.0,Kush Games
400,Major League Baseball 2K9,2,Spike,1.03,1,1,0,1,0,0,0,0,0,62.64150943396226,53.0,4.9475,40.0,2K Sports
401,Major Minor's Majestic March,6,Majesco Entertainment,0.05,0,1,0,0,0,0,0,0,0,46.0,16.0,,0.0,NanaOn-Sha
402,Man vs. Wild,8,Crave Entertainment,0.09,1,0,0,0,0,0,0,0,0,,0.0,4.7,7.0,Scientifically Proven
403,Mario Strikers Charged,2,Nintendo,2.53,0,1,0,0,0,0,0,0,0,79.0,47.0,8.1,96.0,Next Level Games
404,Marvel Super Hero Squad,8,THQ,0.54,0,1,1,0,0,0,0,0,0,49.608695652173914,23.0,,10.0,Blue Tongue Entertainment
405,Marvel Super Hero Squad: The Infinity Gauntlet,1,THQ,0.55,1,1,0,1,0,1,0,0,0,53.23076923076923,26.0,,5.0,THQ
406,Marvel vs. Capcom 3: Fate of Two Worlds,4,Capcom,2.29,1,0,0,1,0,0,0,0,0,84.57894736842105,133.0,7.091216216216216,296.0,Capcom
407,Marvel: Ultimate Alliance,5,Activision,3.5700000000000003,1,1,1,1,0,0,0,0,0,79.13725490196079,153.0,7.311728395061729,162.0,Vicarious Visions
408,Mass Effect Trilogy,1,Electronic Arts,0.48,1,0,0,1,0,0,0,0,0,,0.0,7.725531914893618,47.0,BioWare
409,Max Payne 3,3,Take-Two Interactive,3.08,1,0,0,1,0,0,0,0,0,86.27927927927928,111.0,7.700000000000001,1337.0,Rockstar Studios
410,Medal of Honor Heroes 2,3,Electronic Arts,1.52,0,1,1,0,0,0,0,0,0,71.59649122807018,57.0,7.577884615384615,104.0,EA Canada
411,Medal of Honor: Airborne,3,Electronic Arts,2.2,1,0,0,1,0,0,0,0,0,73.45714285714286,70.0,6.884693877551021,98.0,Electronic Arts
412,Medal of Honor: Warfighter,1,Electronic Arts,2.12,1,0,0,1,0,0,0,0,0,53.676923076923075,65.0,5.503273322422259,611.0,Danger Close
413,Megamind: Ultimate Showdown,8,THQ,0.22999999999999998,1,0,0,1,0,0,0,0,0,37.166666666666664,12.0,4.0,8.0,THQ Australia
414,Mercenaries 2: World in Flames,3,Electronic Arts,1.8399999999999999,1,0,0,1,0,0,0,0,0,72.0,112.0,7.169565217391304,207.0,Pandemic Studios
415,Metal Gear Rising: Revengeance,1,Konami Digital Entertainment,1.4200000000000002,1,0,0,1,0,0,0,0,0,80.85981308411215,107.0,7.8,854.0,PlatinumGames
416,Metal Gear Solid 4: Guns of the Patriots,1,Konami Digital Entertainment,5.85,0,0,0,1,0,0,0,0,0,94.0,82.0,8.7,2923.0,Kojima Productions
417,Metal Gear Solid: Peace Walker HD Edition,1,Konami Digital Entertainment,0.16,1,0,0,1,0,0,0,0,0,,0.0,8.238709677419354,31.0,"Kojima Productions, Genki"
418,Metal Gear Solid: Portable Ops Plus,1,Konami Digital Entertainment,0.68,0,0,1,0,0,0,0,0,0,65.0,19.0,7.299999999999999,21.0,Kojima Productions
419,Metal Gear Solid: The Legacy Collection,8,Konami Digital Entertainment,0.19,0,0,0,1,0,0,0,0,0,93.0,4.0,9.0,120.0,Konami
420,Metal Slug Anthology,3,Ignition Entertainment,0.17,0,1,1,0,0,0,0,0,0,75.03125,64.0,7.6000000000000005,36.0,Terminal Reality
421,Metro: Last Light,3,Deep Silver,0.56,1,0,0,1,0,0,0,0,0,80.0,43.0,8.448675914249685,793.0,4A Games
422,Midnight Club: Los Angeles,9,Take-Two Interactive,4.37,1,0,0,1,0,0,0,0,0,81.43103448275862,116.0,8.427368421052632,190.0,Rockstar San Diego
423,Midway Arcade Treasures: Extended Play,6,Midway Games,0.22,0,0,1,0,0,0,0,0,0,63.0,24.0,8.7,6.0,Digital Eclipse
424,MindJack,3,Square Enix,0.21000000000000002,1,0,0,1,0,0,0,0,0,43.42465753424658,73.0,1.5368000000000002,125.0,FeelPlus
425,Mini Ninjas,1,Eidos Interactive,0.9199999999999999,1,1,0,1,0,0,0,0,0,73.6,90.0,8.564210526315788,95.0,Io Interactive
426,Mobile Suit Gundam: Crossfire,11,Namco Bandai Games,0.19,0,0,0,1,0,0,0,0,0,33.0,31.0,4.7,41.0,Bec
427,ModNation Racers,9,Sony Computer Entertainment,1.51,0,0,1,1,0,0,0,0,0,80.14953271028037,107.0,8.32857142857143,196.0,United Front Games
428,Modnation Racers: Road Trip,9,Sony Computer Entertainment,0.22,0,0,0,0,0,0,1,0,0,62.0,51.0,6.5,55.0,SCEA
429,Monopoly,6,Electronic Arts,2.71,1,1,0,1,0,0,0,0,0,62.083333333333336,24.0,6.733333333333334,39.0,EA Bright Light
430,Monster Jam,9,Activision,0.35,1,1,0,0,0,0,0,0,0,,9.0,7.033333333333334,12.0,Activision
431,Monster Kingdom: Jewel Summoner,5,Sony Computer Entertainment,0.04,0,0,1,0,0,0,0,0,0,66.0,25.0,8.3,4.0,Gaia (Sony)
432,Monster Lab,5,Eidos Interactive,0.3,0,1,0,0,0,0,0,0,0,73.0,11.0,8.4,11.0,Backbone Entertainment
433,Mortal Kombat,4,Warner Bros. Interactive Entertainment,4.64,1,0,0,1,0,0,1,0,0,85.03389830508475,177.0,8.137190082644628,847.0,NetherRealm Studios
434,Mortimer Beckett and the Secrets of Spooky Manor,12,Avanquest,0.04,0,1,0,0,0,0,0,0,0,56.0,4.0,,0.0,Paprikari
435,MotionSports: Adrenaline,2,Ubisoft,0.22,1,0,0,0,0,0,0,0,0,41.0,8.0,7.0,6.0,Ubisoft Vancouver
436,MotoGP,9,Capcom,0.21,0,1,1,0,0,0,0,0,0,60.07142857142857,28.0,6.333333333333333,15.0,
437,MotoGP 10/11,9,Capcom,0.2,1,0,0,1,0,0,0,0,0,69.96825396825396,63.0,6.3500000000000005,48.0,Monumental Games
438,MotorStorm,9,Sony Computer Entertainment,3.8,0,0,0,1,0,0,0,0,0,84.0,9.0,7.299999999999999,173.0,Evolution Studios
439,MotorStorm: Arctic Edge,9,Sony Computer Entertainment,0.99,0,0,1,0,0,0,0,0,0,79.0,58.0,8.8,26.0,Bigbig Studios
440,Move Fitness,2,Sony Computer Entertainment,0.19,0,0,0,1,0,0,0,0,0,61.0,12.0,,0.0,Coldwood Interactive
441,Muramasa: The Demon Blade,5,Rising Star Games,0.57,0,1,0,0,0,0,0,0,0,81.0,58.0,8.7,79.0,Vanillaware
442,MySims Kingdom,11,Electronic Arts,1.49,0,1,0,0,0,0,0,0,0,76.0,19.0,8.5,20.0,EA Redwood Shores
443,MySims Party,11,Electronic Arts,0.2,0,1,0,0,0,0,0,0,0,56.0,16.0,,0.0,EA Games
444,MySims Racing,9,Electronic Arts,0.47,0,1,0,0,0,0,0,0,0,68.0,22.0,,0.0,EA Games
445,MySims SkyHeroes,1,Electronic Arts,0.43000000000000005,1,1,0,1,0,0,0,0,0,60.875,40.0,,9.0,Electronic Arts
446,Myth Makers: Orbs of Doom,12,Popcorn Arcade,0.05,0,1,0,0,0,0,0,0,0,,0.0,0.5,6.0,Data Design Interactive
447,NASCAR 08,9,Electronic Arts,0.48,1,0,0,1,0,0,0,0,0,58.16,50.0,5.0625,40.0,EA Tiburon
448,NASCAR 2011: The Game,9,Activision,0.74,1,1,0,1,0,0,0,0,0,59.77777777777778,45.0,3.8749999999999996,32.0,Eutechnyx
449,NASCAR Kart Racing,9,Electronic Arts,0.42,0,1,0,0,0,0,0,0,0,70.0,12.0,7.7,7.0,Electronic Arts
450,NASCAR The Game: Inside Line,1,Activision,0.12000000000000001,1,0,0,1,0,0,0,0,0,73.45454545454545,11.0,4.066666666666666,33.0,Eutechnyx
451,NBA 07,2,Sony Computer Entertainment,0.46,0,0,1,1,0,0,0,0,0,65.5,48.0,,10.0,SCEA
452,NBA 08,2,Sony Computer Entertainment,0.16,0,0,1,1,0,0,0,0,0,66.92727272727272,55.0,6.8909090909090915,11.0,SCEA San Diego Studios
453,NBA 2K10,2,Take-Two Interactive,2.41,1,1,1,1,0,0,0,0,0,,76.0,8.019565217391305,92.0,Visual Concepts
454,NBA 2K11,2,Take-Two Interactive,4.13,1,0,1,1,0,0,0,0,0,,96.0,7.6734463276836165,177.0,Visual Concepts
455,NBA 2K12,2,Take-Two Interactive,5.119999999999999,1,1,1,1,0,0,0,0,0,,80.0,7.1000000000000005,237.0,Visual Concepts
456,NBA 2K14,2,Take-Two Interactive,4.37,1,0,0,1,1,0,0,1,0,85.41666666666667,84.0,5.590706319702603,538.0,Visual Concepts
457,NBA 2K8,2,Take-Two Interactive,1.3599999999999999,1,0,0,1,0,0,0,0,0,81.0,51.0,6.857777777777779,45.0,Visual Concepts
458,NBA Jam,2,Electronic Arts,1.02,1,1,0,1,0,0,0,0,0,75.37735849056604,106.0,6.8979591836734695,49.0,EA Canada
459,NBA Live 08,2,Electronic Arts,1.57,1,1,1,1,0,0,0,0,0,70.375,88.0,6.3830188679245285,53.0,EA Canada
460,NBA Live 09,2,Electronic Arts,1.56,1,0,1,1,0,0,0,0,0,,64.0,7.514285714285714,35.0,EA Sports
461,NBA Live 10,2,Electronic Arts,1.18,1,0,1,1,0,0,0,0,0,79.57894736842105,76.0,7.096969696969697,66.0,EA Canada
462,NBA Live 14,2,Electronic Arts,0.15000000000000002,0,0,0,0,1,0,0,1,0,40.421052631578945,38.0,2.7995169082125604,207.0,EA Sports
463,NCAA Basketball 09,2,Electronic Arts,0.35,1,0,0,1,0,0,0,0,0,69.15,40.0,,8.0,EA Canada
464,NCAA Basketball 10,2,Electronic Arts,0.61,1,0,0,1,0,0,0,0,0,75.0,39.0,,4.0,EA Canada
465,NCAA Football 07,2,Electronic Arts,1.0699999999999998,1,0,1,0,0,0,0,0,0,77.91525423728814,59.0,7.266666666666667,30.0,EA Sports
466,NCAA Football 08,2,Electronic Arts,1.06,1,0,0,1,0,0,0,0,0,79.79069767441861,43.0,7.7771428571428585,70.0,EA Sports
467,NCAA Football 09,2,Electronic Arts,1.2599999999999998,1,0,0,1,0,0,0,0,0,82.0909090909091,44.0,7.503921568627452,51.0,EA Tiburon
468,NCAA Football 12,2,Electronic Arts,1.74,1,0,0,1,0,0,0,0,0,82.0,42.0,6.187058823529411,85.0,EA Sports
469,NCAA Football 13,1,Electronic Arts,1.81,1,0,0,1,0,0,0,0,0,76.93103448275862,29.0,4.944329896907217,97.0,EA Tiburon
470,NCAA Football 14,2,Electronic Arts,1.6400000000000001,1,0,0,1,0,0,0,0,0,77.0,27.0,5.69891304347826,92.0,EA Tiburon
471,NCIS,8,Ubisoft,0.21000000000000002,1,0,0,1,0,0,0,0,0,39.0,15.0,3.88,10.0,Ubisoft
472,NERF N-Strike,3,Electronic Arts,1.08,0,1,0,0,0,0,0,0,0,66.0,13.0,5.2,6.0,EA Redwood Shores
473,NFL Head Coach 09,2,Electronic Arts,0.23,1,0,0,1,0,0,0,0,0,65.61538461538461,26.0,8.194736842105263,38.0,EA Tiburon
474,NHL 07,2,Electronic Arts,0.43000000000000005,1,0,1,0,0,0,0,0,0,78.625,56.0,5.386486486486486,185.0,EA Sports
475,NHL 10,2,Electronic Arts,1.19,1,0,0,1,0,0,0,0,0,88.0,87.0,8.331632653061224,98.0,EA Canada
476,NHL 11,2,Electronic Arts,1.26,1,0,0,1,0,0,0,0,0,88.0,87.0,7.507272727272727,110.0,Electronic Arts
477,NHL 13,2,Electronic Arts,1.1099999999999999,1,0,0,1,0,0,0,0,0,83.33333333333333,66.0,6.6,116.0,Electronic Arts
478,NHL 2K10,2,Take-Two Interactive,0.6100000000000001,1,1,0,1,0,0,0,0,0,69.1774193548387,62.0,7.284615384615385,39.0,Take-Two Interactive
479,NHL 2K11,2,Take-Two Interactive,0.25,0,1,0,0,0,0,0,0,0,62.0,12.0,5.2,5.0,Visual Concepts
480,NHL 2K9,2,Take-Two Interactive,0.35000000000000003,1,1,0,1,0,0,0,0,0,68.64615384615385,65.0,,26.0,Visual Concepts
481,NHL Slapshot,2,Unknown,0.4,0,1,0,0,0,0,0,0,0,76.0,25.0,8.3,4.0,EA Sports
482,Napoleon Dynamite: The Game,12,Crave Entertainment,0.04,0,0,1,0,0,0,0,0,0,37.0,14.0,4.6,7.0,7 Studios
483,Naruto Shippuden: Dragon Blade Chronicles,1,505 Games,0.17,0,1,0,0,0,0,0,0,0,38.0,14.0,2.6,5.0,Takara Tomy
484,Naruto Shippuden: Ultimate Ninja Impact,4,Namco Bandai Games,0.32,0,0,1,0,0,0,0,0,0,59.0,16.0,6.6,17.0,Racjin
485,Naruto Shippuden: Ultimate Ninja STORM Generations,4,Namco Bandai Games,1.08,1,0,0,1,0,0,0,0,0,74.0,58.0,7.274747474747476,99.0,CyberConnect2
486,Naruto Shippuden: Ultimate Ninja Storm 3,4,Namco Bandai Games,1.06,1,0,0,1,0,0,0,0,0,74.66666666666667,48.0,7.774193548387097,186.0,Namco Bandai Games
487,Naruto: Clash of Ninja Revolution,4,Tomy Corporation,1.01,0,1,0,0,0,0,0,0,0,74.0,23.0,8.1,20.0,8ing/Raizing
488,Naruto: Rise of a Ninja,1,Ubisoft,0.31,1,0,0,0,0,0,0,0,0,78.0,35.0,8.8,69.0,Ubisoft Montreal
489,Naruto: Ultimate Ninja Heroes 2 - The Phantom Fortress,4,Atari,0.15,0,0,1,0,0,0,0,0,0,64.0,20.0,7.799999999999999,13.0,CyberConnect2
490,Naruto: Ultimate Ninja Storm,4,Namco Bandai Games,1.02,0,0,0,1,0,0,0,0,0,75.0,32.0,8.6,64.0,CyberConnect2
491,Need For Speed: Undercover,9,Electronic Arts,4.88,1,1,1,1,0,0,0,0,0,60.66115702479339,121.0,6.195283018867924,212.0,EA Vancouver
492,Need for Speed Carbon,9,Electronic Arts,3.97,1,1,0,1,0,0,0,0,0,74.38461538461539,104.0,6.579831932773109,119.0,EA Canada
493,Need for Speed Carbon: Own the City,9,Electronic Arts,2.38,0,0,1,0,0,0,0,0,0,73.0,14.0,8.2,34.0,EA Canada
494,Need for Speed Rivals,9,Electronic Arts,2.1,1,0,0,1,1,0,0,1,0,78.48863636363636,88.0,6.179188712522046,567.0,Ghost Games
495,Need for Speed: Hot Pursuit,9,Electronic Arts,5.109999999999999,1,1,0,1,0,0,0,0,0,86.25,140.0,6.924999999999999,420.0,Criterion Games
496,Need for Speed: Most Wanted 5-1-0,9,Electronic Arts,1.97,0,0,1,0,0,0,0,0,0,72.0,21.0,7.7,48.0,EA Canada
497,Need for Speed: Nitro,9,Electronic Arts,0.77,0,1,0,0,0,0,0,0,0,69.0,41.0,7.3,32.0,EA Montreal
498,Need for Speed: ProStreet,9,Electronic Arts,5.83,1,1,1,1,0,0,0,0,0,68.3265306122449,98.0,6.78854961832061,131.0,EA Games
499,Need for Speed: Shift,9,Electronic Arts,5.16,1,0,1,1,0,0,0,0,0,82.29787234042553,141.0,6.594190871369294,241.0,EA Bright Light
500,Neighborhood Games,6,THQ,0.18,0,1,0,0,0,0,0,0,0,49.0,6.0,,0.0,Jet Black Games
501,Neopets Puzzle Adventure,12,Capcom,0.19,0,1,0,0,0,0,0,0,0,52.0,11.0,,0.0,Infinite Interactive
502,New Super Mario Bros. 2,10,Nintendo,7.28,0,0,0,0,0,1,0,0,0,78.0,70.0,7.1,247.0,Nintendo
503,New Super Mario Bros. Wii,10,Nintendo,27.25,0,1,0,0,0,0,0,0,0,87.0,80.0,8.3,446.0,Nintendo
504,Ninja Gaiden 3,1,Tecmo Koei,0.57,1,0,0,1,0,0,0,0,0,58.0,82.0,4.663940520446097,269.0,Team Ninja
505,Ninja Gaiden Sigma,1,Tecmo Koei,1.26,0,0,0,1,0,0,1,0,0,79.91397849462365,93.0,7.238749999999999,160.0,Team Ninja
506,Nintendo Land,1,Nintendo,2.81,0,0,0,0,0,0,0,0,1,77.0,61.0,7.7,280.0,Nintendo
507,No More Heroes: Heroes' Paradise,1,Konami Digital Entertainment,0.16,0,0,0,1,0,0,0,0,0,72.0,38.0,7.4,30.0,FeelPlus
508,Obscure: The Aftermath,8,Playlogic Game Factory,0.19,0,1,1,0,0,0,0,0,0,60.38636363636363,44.0,8.35,22.0,Hydravision
509,Okami,8,Capcom,0.55,0,1,0,0,0,0,0,0,0,90.0,44.0,8.9,190.0,Ready at Dawn
510,Omerta: City of Gangsters,11,Konami Digital Entertainment,0.59,1,0,0,0,0,0,0,0,0,43.0,18.0,2.2,18.0,Kalypso
511,One Piece Unlimited Cruise SP,1,Namco Bandai Games,0.3,0,0,0,0,0,1,0,0,0,46.0,20.0,5.3,8.0,Bandai Namco Games
512,One Piece: Pirate Warriors 2,1,Namco Bandai Games,0.58,0,0,0,1,0,0,0,0,0,71.0,35.0,7.4,39.0,Omega Force
513,Open Season,10,Ubisoft,0.18,1,1,0,0,0,0,0,0,0,56.5,20.0,6.571428571428571,14.0,Ubisoft
514,Operation Flashpoint: Dragon Rising,3,Codemasters,1.78,1,0,0,1,0,0,0,0,0,76.52808988764045,89.0,7.352000000000001,150.0,Codemasters
515,Overlord II,1,Codemasters,0.6,1,0,0,1,0,0,0,0,0,73.76470588235294,102.0,7.676363636363635,55.0,Triumph Studios
516,PAC-MAN and the Ghostly Adventures,1,Namco Bandai Games,0.01,0,0,0,0,0,0,0,0,1,,0.0,6.8,4.0,Namco Bandai Games America
517,Pac-Man World Rally,9,Namco Bandai Games,0.04,0,0,1,0,0,0,0,0,0,51.0,9.0,,0.0,Smart Bomb Interactive
518,Pandora's Tower,5,Nintendo,0.27,0,1,0,0,0,0,0,0,0,73.0,48.0,7.699999999999999,67.0,Ganbarion
519,Patapon,10,Sony Computer Entertainment,0.77,0,0,1,0,0,0,0,0,0,86.0,60.0,8.7,80.0,SCE Japan Studio
520,Payday 2,1,505 Games,0.6,1,0,0,1,0,0,0,0,0,74.6,30.0,7.200000000000001,259.0,Overkill Software
521,Persona 4: Arena,4,Atlus,0.55,1,0,0,1,0,0,0,0,0,85.07352941176471,68.0,7.625789473684211,190.0,Arc System Works
522,Peter Jackson's King Kong: The Official Game of the Movie,1,Ubisoft,0.41000000000000003,1,0,1,0,0,0,0,0,0,76.41791044776119,67.0,6.95,80.0,Phoenix Games Studio
523,Petz: Catz 2,11,Ubisoft,0.44,0,1,0,0,0,0,0,0,0,,0.0,5.8,6.0,Ubisoft
524,Phantasy Star Portable 2,5,Sega,0.85,0,0,1,0,0,0,0,0,0,69.0,27.0,8.5,22.0,Alfa System
525,Phantom Brave: We Meet Again,5,Nippon Ichi Software,0.13,0,1,0,0,0,0,0,0,0,76.0,12.0,7.1,14.0,Nippon Ichi Software
526,Pictionary: Ultimate Edition,6,THQ,0.37,1,0,0,1,0,0,0,0,0,57.5,8.0,,0.0,Page 44 Studios
527,Pinball Hall of Fame: The Gottlieb Collection,6,Play It,0.22,0,0,1,0,0,0,0,0,0,73.0,27.0,9.5,11.0,Farsight Studios
528,Pinball Hall of Fame: The Williams Collection,6,Crave Entertainment,0.9200000000000002,1,1,1,1,0,1,0,0,0,80.76271186440678,59.0,,63.0,Farsight Studios
529,Pirates PlundArrr,1,Majesco Entertainment,0.01,0,1,0,0,0,0,0,0,0,60.0,5.0,,0.0,Boomzap
530,Pirates of the Caribbean: At World's End,1,Disney Interactive Studios,1.86,1,1,1,1,0,0,0,0,0,56.38636363636363,88.0,6.483870967741937,62.0,Eurocom Entertainment Software
531,Pirates of the Caribbean: Dead Man's Chest,8,Disney Interactive Studios,0.27,0,0,1,0,0,0,0,0,0,52.0,34.0,8.5,14.0,Griptonite Games
532,PixelJunk Monsters Deluxe,7,Sony Computer Entertainment,0.1,0,0,1,0,0,0,0,0,0,86.0,27.0,8.3,26.0,Q Games
533,Planet 51,1,Sega,0.37,1,1,0,1,0,0,0,0,0,51.9,30.0,,0.0,Pyro Studios
534,Plants vs. Zombies,7,PopCap Games,0.32,1,0,0,1,0,0,0,0,0,88.08571428571429,35.0,8.073626373626373,182.0,PopCap
535,PlayStation Move Heroes,10,Sony Computer Entertainment,0.14,0,0,0,1,0,0,0,0,0,53.0,39.0,6.2,15.0,Nihilistic
536,PokePark 2: Wonders Beyond,1,Nintendo,0.7,0,1,0,0,0,0,0,0,0,60.0,18.0,5.6,17.0,Creatures Inc.
537,PokPark Wii: Pikachu's Adventure,8,Nintendo,1.13,0,1,0,0,0,0,0,0,0,62.0,22.0,7.2,22.0,Creatures Inc.
538,Pool Hall Pro,2,Playlogic Game Factory,0.05,0,1,0,0,0,0,0,0,0,62.0,5.0,,0.0,Icon Games
539,PopCap Arcade Vol 2,6,PopCap Games,0.03,1,0,0,0,0,0,0,0,0,67.0,4.0,,0.0,PopCap
540,Port Royale 3,11,Kalypso Media,0.08,1,0,0,1,0,0,0,0,0,,11.0,6.1,10.0,Kalypso
541,Power Stone Collection,1,Capcom,0.08,0,0,1,0,0,0,0,0,0,74.0,34.0,,0.0,Capcom
542,PowerUp Heroes,4,Ubisoft,0.25,1,0,0,0,0,0,0,0,0,61.0,13.0,7.5,10.0,Ubisoft
543,Prince of Persia,8,Ubisoft,2.01,1,0,0,1,0,0,0,0,0,82.78787878787878,132.0,7.109941520467837,342.0,Ubisoft Montreal
544,Prince of Persia: Revelations,8,Ubisoft,0.2,0,0,1,0,0,0,0,0,0,65.0,27.0,8.0,20.0,"Pipeworks Software, Inc."
545,Prince of Persia: Rival Swords,1,Ubisoft,0.38,0,1,1,0,0,0,0,0,0,71.3913043478261,46.0,8.148387096774192,31.0,Ubisoft Montreal
546,Prinny: Can I Really Be the Hero?,10,Tecmo Koei,0.06,0,0,1,0,0,0,0,0,0,72.0,45.0,6.8,32.0,Nippon Ichi Software
547,Prison Break: The Conspiracy,8,Deep Silver,0.42000000000000004,1,0,0,1,0,0,0,0,0,40.94285714285714,70.0,4.028125,32.0,ZootFly
548,Pro Evolution Soccer 2008,2,Konami Digital Entertainment,4.82,1,1,1,1,0,0,0,0,0,77.94047619047619,84.0,7.45546875,128.0,Konami
549,Pro Evolution Soccer 2010,2,Konami Digital Entertainment,4.35,1,1,1,1,0,0,0,0,0,77.9795918367347,98.0,7.058878504672898,107.0,Konami
550,Pro Evolution Soccer 2011 3D,2,Konami Digital Entertainment,0.35,0,0,0,0,0,1,0,0,0,73.0,43.0,6.5,15.0,Konami
551,Pro Evolution Soccer 2012,2,Konami Digital Entertainment,3.37,1,1,1,1,0,1,0,0,0,78.3030303030303,99.0,6.559259259259259,189.0,Konami
552,Pro Evolution Soccer 2013,2,Konami Digital Entertainment,1.75,1,0,0,1,0,1,0,0,0,,70.0,6.687912087912088,182.0,Konami
553,Pro Evolution Soccer 2014,1,Konami Digital Entertainment,0.88,1,0,0,1,0,0,0,0,0,78.74193548387096,62.0,4.2828767123287665,292.0,Konami
554,Project Sylpheed: Arc of Deception,3,Microsoft Game Studios,0.13,1,0,0,0,0,0,0,0,0,64.0,45.0,8.7,17.0,"Game Arts, Seta Corporation"
555,Pure Futbol,2,Ubisoft,0.37,1,0,0,1,0,0,0,0,0,41.0,32.0,7.5851851851851855,54.0,Ubisoft Vancouver
556,Putty Squad,1,System 3,0.01,0,0,0,0,1,0,0,0,0,36.0,4.0,,0.0,System 3
557,Puzzle Quest: Challenge of the Warlords,12,D3Publisher,0.3,0,1,1,0,0,0,0,0,0,79.48979591836735,49.0,7.4363636363636365,22.0,Vicious Cycle
558,Quake 4,3,Activision,0.34,1,0,0,0,0,0,0,0,0,75.0,52.0,6.7,68.0,Raven Software
559,R.U.S.E.,7,Ubisoft,0.69,1,0,0,1,0,0,0,0,0,77.09756097560975,82.0,7.156626506024097,83.0,Eugen Systems
560,Racquet Sports,2,Ubisoft,0.53,0,1,0,1,0,0,0,0,0,46.92,25.0,7.327272727272727,22.0,Asobo Studio
561,Rango: The Video Game,1,Electronic Arts,0.37,1,1,0,1,0,0,0,0,0,64.48214285714286,56.0,,13.0,Behaviour Interactive
562,Rapala Fishing Frenzy 2009,2,Activision,0.21000000000000002,1,0,0,1,0,0,0,0,0,36.55555555555556,9.0,5.185714285714285,14.0,FUN Labs
563,Ratatouille,10,THQ,1.8499999999999999,1,1,1,1,0,0,0,0,0,59.2,45.0,,15.0,Asobo Studio
564,Rayman Legends,10,Ubisoft,0.8800000000000001,1,0,0,1,0,0,1,0,1,90.68627450980392,102.0,8.456712328767123,730.0,Ubisoft Montpellier
565,Rayman Origins,10,Ubisoft,2.54,1,1,0,1,0,1,1,0,0,86.94797687861272,173.0,8.198737727910238,713.0,UBlart Montpellier
566,Rayman Raving Rabbids,6,Ubisoft,1.5699999999999998,1,1,0,0,0,0,0,0,0,73.94285714285714,70.0,8.036440677966102,118.0,Ubisoft Montpellier
567,Rayman Raving Rabbids 2,6,Ubisoft,1.81,0,1,0,0,0,0,0,0,0,67.0,25.0,8.6,56.0,Ubisoft Montpellier
568,Rayman Raving Rabbids: TV Party,6,Ubisoft,1.99,0,1,0,0,0,0,0,0,0,73.0,24.0,7.5,20.0,"Ubisoft Paris, Ubisoft Montpellier"
569,Rebel Raiders: Operation Nighthawk,11,Kando Games,0.01,0,1,0,0,0,0,0,0,0,40.0,4.0,,0.0,Kando Games
570,Record of Agarest War,5,Ghostlight,0.24,1,0,0,1,0,0,0,0,0,69.0,14.0,7.410344827586206,58.0,Compile Heart
571,Red Dead Redemption: Undead Nightmare,1,Take-Two Interactive,1.97,1,0,0,1,0,0,0,0,0,,0.0,7.25,24.0,Rockstar San Diego
572,Red Faction: Armageddon,3,THQ,0.74,1,0,0,1,0,0,0,0,0,71.0,126.0,7.3,101.0,Volition Inc.
573,Red Steel,3,Ubisoft,0.66,0,1,0,0,0,0,0,0,0,63.0,54.0,6.799999999999999,109.0,Ubisoft Paris
574,Red Steel 2,3,Ubisoft,0.59,0,1,0,0,0,0,0,0,0,80.0,73.0,8.6,166.0,Ubisoft Paris
575,Reel Fishing Paradise 3D,2,Marvelous Interactive,0.16,0,0,0,0,0,1,0,0,0,57.0,5.0,,0.0,Natsume
576,Remember Me,1,Capcom,0.31,1,0,0,1,0,0,0,0,0,70.9367088607595,79.0,7.442095238095238,525.0,DONTNOD Entertainment
577,Rengoku II:  The Stairway To H.E.A.V.E.N.,1,Konami Digital Entertainment,0.02,0,0,1,0,0,0,0,0,0,51.0,24.0,8.1,12.0,Neverland
578,Rengoku: The Tower of Purgatory,1,Konami Digital Entertainment,0.11,0,0,1,0,0,0,0,0,0,43.0,30.0,5.4,21.0,Neverland
579,Resident Evil 5,1,Capcom,8.31,1,0,0,1,0,0,0,0,0,83.45508982035928,167.0,7.5,861.0,Capcom
580,Resident Evil: Revelations,1,Capcom,1.52,1,0,0,1,0,1,0,0,1,78.89171974522293,157.0,7.961833333333334,600.0,Capcom
581,Resident Evil: The Umbrella Chronicles,3,Capcom,1.5,0,1,0,0,0,0,0,0,0,75.0,47.0,7.599999999999999,101.0,Cavia Inc.
582,Resistance: Fall of Man,3,Sony Computer Entertainment,4.22,0,0,0,1,0,0,0,0,0,86.0,70.0,8.1,604.0,Insomniac Games
583,Ride to Hell,9,Deep Silver,0.03,1,0,0,1,0,0,0,0,0,17.666666666666668,18.0,1.2574766355140186,428.0,Deep Silver
584,Ridge Racer 3D,9,Namco Bandai Games,0.46,0,0,0,0,0,1,0,0,0,75.0,59.0,7.1,49.0,Namco Bandai Games
585,Rise of the Argonauts,5,Codemasters,0.33,1,0,0,1,0,0,0,0,0,55.324675324675326,77.0,7.316393442622951,61.0,Liquid Entertainment
586,Robert Ludlum's The Bourne Conspiracy,1,Vivendi Games,0.77,1,0,0,1,0,0,0,0,0,70.60504201680672,119.0,7.466216216216216,74.0,High Moon Studios
587,Rock Band 2,6,Electronic Arts,4.6,1,1,0,1,0,0,0,0,0,91.76699029126213,103.0,8.020564516129031,248.0,Harmonix Music Systems
588,Rock Band Track Pack: Classic Rock,6,MTV Games,0.06,1,0,0,0,0,0,0,0,0,70.0,6.0,,0.0,Harmonix Music Systems
589,Rock of the Dead,3,Conspiracy Entertainment,0.07,1,0,0,1,0,0,0,0,0,46.5,14.0,,0.0,Epicenter Studios
590,Rogue Trooper: Quartz Zone Massacre,3,Reef Entertainment,0.07,0,1,0,0,0,0,0,0,0,70.0,14.0,8.3,4.0,Rebellion
591,Rogue Warrior,3,Bethesda Softworks,0.22,1,0,0,1,0,0,0,0,0,27.57894736842105,57.0,2.7,107.0,Rebellion
592,Roogoo Twisted Towers,12,SouthPeak Games,0.05,0,1,0,0,0,0,0,0,0,67.0,13.0,,0.0,SpiderMonk
593,Rooms: The Main Building,8,Hudson Soft,0.05,0,1,0,0,0,0,0,0,0,60.0,8.0,,0.0,Hudson Entertainment
594,Ryse,1,Microsoft Game Studios,0.75,0,0,0,0,0,0,0,1,0,60.0,73.0,5.9,815.0,Crytek
595,SBK Superbike World Championship,9,Black Bean Games,0.43000000000000005,1,0,0,1,0,0,0,0,0,61.833333333333336,24.0,7.1499999999999995,12.0,Milestone S.r.l
596,SBK X: Superbike World Championship,9,Black Bean Games,0.33999999999999997,1,0,0,1,0,0,0,0,0,73.73684210526316,19.0,,8.0,Milestone S.r.l
597,SNK Arcade Classics Vol. 1,6,Ignition Entertainment,0.2,0,1,1,0,0,0,0,0,0,70.90322580645162,31.0,,0.0,Terminal Reality
598,SOCOM: U.S. Navy SEALs Fireteam Bravo,3,Sony Computer Entertainment,1.1,0,0,1,0,0,0,0,0,0,82.0,44.0,8.7,58.0,Zipper Interactive
599,SOCOM: U.S. Navy SEALs Fireteam Bravo 3,3,Sony Computer Entertainment,0.41,0,0,1,0,0,0,0,0,0,74.0,51.0,7.7,17.0,Slant Six
600,SSX,2,Electronic Arts,1.3900000000000001,1,0,0,1,0,0,0,0,0,81.63106796116504,103.0,6.6118852459016395,244.0,EA Canada
601,SWAT: Target Liberty,3,Vivendi Games,0.04,0,0,1,0,0,0,0,0,0,50.0,26.0,7.9,8.0,3G Studios
602,Saint Seiya: Brave Soldiers,4,Namco Bandai Games,0.05,0,0,0,1,0,0,0,0,0,55.0,32.0,7.7,29.0,Dimps Corporation
603,Saints Row IV,1,Deep Silver,2.14,1,0,0,1,0,0,0,0,0,79.08823529411765,68.0,6.308906882591094,494.0,Volition Inc.
604,Saints Row: The Third,1,THQ,4.91,1,0,0,1,0,0,0,0,0,83.16666666666667,120.0,7.58728813559322,708.0,Volition Inc.
605,Samba De Amigo,6,Sega,0.87,0,1,0,0,0,0,0,0,0,68.0,43.0,8.2,36.0,Gearbox Software
606,Samurai Shodown Anthology,4,Ignition Entertainment,0.05,0,1,0,0,0,0,0,0,0,74.0,6.0,,0.0,SNK Playmore
607,Samurai Shodown Sen,4,Rising Star Games,0.06,1,0,0,0,0,0,0,0,0,46.0,33.0,5.3,7.0,K2 LLC
608,Samurai Warriors 2: Empires,1,Tecmo Koei,0.03,1,0,0,0,0,0,0,0,0,53.0,29.0,7.9,7.0,Omega Force
609,Samurai Warriors 3,1,Nintendo,0.42,0,1,0,0,0,0,0,0,0,55.0,26.0,7.1,18.0,Omega Force
610,Scene It? Lights Camera Action,6,Microsoft Game Studios,0.47,1,0,0,0,0,0,0,0,0,73.0,41.0,8.1,20.0,"Screenlife Games, WXP"
611,Scene It? Twilight,6,Konami Digital Entertainment,0.25,0,1,0,0,0,0,0,0,0,49.0,5.0,,0.0,Artificial Mind and Movement
612,Scribblenauts: Unlimited,1,Warner Bros. Interactive Entertainment,0.62,0,0,0,0,0,1,0,0,1,73.0,55.0,7.354716981132076,106.0,5TH Cell
613,Sega Bass Fishing,2,Sega,0.47,0,1,0,0,0,0,0,0,0,59.0,29.0,6.0,7.0,Cavia Inc.
614,Sega Rally Revo,9,Sega,1.29,1,0,1,1,0,0,0,0,0,75.72916666666667,96.0,6.976595744680852,47.0,SEGA Racing Studio
615,Sega Superstars Tennis,2,Sega,4.28,1,1,0,1,0,0,0,0,0,67.96,100.0,6.396666666666667,30.0,Sumo Digital
616,Self-Defense Training Camp,2,Ubisoft,0.09,1,0,0,0,0,0,0,0,0,21.0,5.0,5.1,17.0,Ubisoft
617,Sengoku Basara: Samurai Heroes,1,Capcom,0.87,0,1,0,1,0,0,0,0,0,62.30909090909091,55.0,8.1,33.0,Capcom
618,Shadow of Destiny,8,Konami Digital Entertainment,0.06,0,0,1,0,0,0,0,0,0,54.0,6.0,,0.0,Konami
619,Shadow of the Colossus,8,Sony Computer Entertainment,0.04,0,0,0,1,0,0,0,0,0,,0.0,8.7,28.0,Bluepoint Games
620,Shaun White Snowboarding,2,Ubisoft,1.7,1,0,1,1,0,0,0,0,0,61.68674698795181,83.0,,47.0,Ubisoft Montreal
621,Shaun White Snowboarding: Road Trip,2,Ubisoft,1.64,0,1,0,0,0,0,0,0,0,78.0,28.0,8.6,21.0,Ubisoft
622,Sherlock Holmes vs. Jack the Ripper,8,Focus Home Interactive,0.12,1,0,0,0,0,0,0,0,0,62.0,24.0,6.8,11.0,Frogwares
623,Shin Megami Tensei IV,5,Atlus,0.45,0,0,0,0,0,1,0,0,0,83.0,31.0,8.3,157.0,Atlus
624,Shin Megami Tensei: Persona 3 Portable,5,Ghostlight,0.58,0,0,1,0,0,0,0,0,0,89.0,40.0,8.9,173.0,Atlus
625,Shiren the Wanderer,5,Sega,0.19,0,1,0,0,0,0,0,0,0,71.0,21.0,7.5,4.0,ChunSoft
626,Shrek: Forever After,10,Activision,0.24,1,0,0,1,0,0,0,0,0,60.333333333333336,33.0,,8.0,Xpec
627,Silent Hill HD Collection,1,Konami Digital Entertainment,0.36,1,0,0,1,0,0,0,0,0,69.66,50.0,4.811111111111111,162.0,Konami
628,Silent Hill: Homecoming,1,Konami Digital Entertainment,0.74,1,0,0,1,0,0,0,0,0,70.43157894736842,95.0,7.179661016949152,236.0,Double Helix Games
629,Silent Hill: Origins,1,Konami Digital Entertainment,0.49,0,0,1,0,0,0,0,0,0,78.0,40.0,8.4,65.0,Climax Group
630,Silent Hill: Shattered Memories,8,Konami Digital Entertainment,0.71,0,1,1,0,0,0,0,0,0,77.0,84.0,8.205882352941178,204.0,Climax Group
631,SimAnimals,11,Electronic Arts,0.3,0,1,0,0,0,0,0,0,0,58.0,13.0,1.8,32.0,Electronic Arts
632,SimAnimals Africa,11,Electronic Arts,0.11,0,1,0,0,0,0,0,0,0,53.0,7.0,,0.0,Electronic Arts
633,SingStar Dance,6,Sony Computer Entertainment,0.48,0,0,0,1,0,0,0,0,0,65.0,21.0,4.3,7.0,SCEA
634,Skate,2,Electronic Arts,1.03,1,0,0,1,0,0,0,0,0,85.65555555555555,90.0,8.372514619883043,171.0,EA Black Box
635,Skate 2,2,Electronic Arts,1.84,1,0,0,1,0,0,0,0,0,84.0,120.0,7.958163265306124,98.0,EA Black Box
636,Skate 3,2,Electronic Arts,3.34,1,0,0,1,0,0,0,0,0,80.0,111.0,7.423478260869565,115.0,EA Black Box
637,Skylanders Giants,1,Activision,4.52,1,1,0,1,0,1,0,0,1,76.69135802469135,81.0,6.55,92.0,n-Space
638,Skylanders SWAP Force,10,Activision,2.07,1,0,0,1,1,1,0,1,1,,91.0,5.801522842639594,197.0,Vicarious Visions
639,Skylanders: Spyro's Adventure,1,Activision,4.79,1,1,0,1,0,1,0,0,0,78.65277777777777,72.0,5.392517006802721,147.0,Toys for Bob
640,Sleeping Dogs,1,Square Enix ,1.65,1,0,0,1,0,0,0,0,0,81.37931034482759,87.0,7.5830769230769235,910.0,United Front Games
641,Sly Cooper: Thieves in Time,10,Sony Computer Entertainment Europe,0.51,0,0,0,1,0,0,1,0,0,75.0,84.0,8.5,327.0,Sanzaru Games
642,Smash Court Tennis 3,2,Namco Bandai Games,0.13,1,0,1,0,0,0,0,0,0,61.29032258064516,62.0,,0.0,Namco Bandai Games America
643,Sniper Elite V2,3,505 Games,1.54,1,0,0,1,0,0,0,0,1,67.28571428571429,63.0,6.8921052631578945,190.0,Rebellion
644,Soldier of Fortune: Payback,3,Activision,0.31,1,0,0,1,0,0,0,0,0,50.0,49.0,5.387096774193548,31.0,Cauldron Ltd.
645,Sonic Colors,10,Sega,1.57,0,1,0,0,0,0,0,0,0,78.0,58.0,8.3,183.0,Sonic Team
646,Sonic Free Riders,9,Sega,0.97,1,0,0,0,0,0,0,0,0,47.0,52.0,2.0,49.0,Sega
647,Sonic Generations,10,Sega,3.13,1,0,0,1,0,1,0,0,0,73.92241379310344,116.0,7.860544217687075,441.0,Sega
648,Sonic Rivals 2,9,Sega,1.44,0,0,1,0,0,0,0,0,0,60.0,24.0,8.0,22.0,Backbone Entertainment
649,Soul Sacrifice,1,Sony Computer Entertainment,0.41,0,0,0,0,0,0,1,0,0,77.0,71.0,8.2,226.0,"SCE Japan Studio, comcept"
650,SoulCalibur IV,4,Ubisoft,2.92,1,0,0,1,0,0,0,0,0,85.0,127.0,8.01004366812227,229.0,Namco
651,Space Camp,1,Activision,0.12,0,1,0,0,0,0,0,0,0,,0.0,7.3,4.0,7 Studios
652,Space Chimps,10,Brash Entertainment,0.1,1,0,0,0,0,0,0,0,0,57.0,7.0,5.6,11.0,Red Tribe
653,Spec Ops: The Line,3,Take-Two Interactive,0.79,1,0,0,1,0,0,0,0,0,76.31395348837209,86.0,8.0,493.0,Yager
654,Spider-Man 3,10,Activision,1.95,1,1,1,1,0,0,0,0,0,58.957142857142856,140.0,6.803603603603603,111.0,Treyarch
655,Spider-Man: Edge of Time,1,Activision,0.6,1,1,0,1,0,1,0,0,0,57.357798165137616,109.0,6.4363636363636365,55.0,Beenox
656,Spider-Man: Web of Shadows,1,Activision,0.88,1,1,0,1,0,0,0,0,0,66.8099173553719,121.0,8.304301075268818,93.0,"Shaba Games, Treyarch"
657,Spirit Camera: The Cursed Memoir,8,Nintendo,0.14,0,0,0,0,0,1,0,0,0,54.0,35.0,6.2,19.0,Tecmo Koei Games
658,SpongeBob SquarePants Featuring Nicktoons: Globs of Doom,1,THQ,0.52,0,1,0,0,0,0,0,0,0,47.0,5.0,7.3,4.0,Incinerator Games
659,SpongeBob SquigglePants,6,THQ,0.38,0,1,0,0,0,0,0,0,0,59.0,12.0,,0.0,WayForward
660,SpongeBob's Boating Bash,6,THQ,0.33,0,1,0,0,0,0,0,0,0,,0.0,7.5,4.0,Impulse Games
661,Squeeballs Party,12,Performance Designed Products,0.17,0,1,0,0,0,0,0,0,0,59.0,16.0,,0.0,Performance Designed Products
662,Stacked with Daniel Negreanu,6,Myelin Media,0.03,0,0,1,0,0,0,0,0,0,63.0,13.0,,0.0,3G Studios
663,Star Ocean: The Last Hope,5,Square Enix,0.75,1,0,0,0,0,0,0,0,0,72.0,56.0,7.3,135.0,"Tri-Ace, Square Enix"
664,Star Trek: Conquest,7,Bethesda Softworks,0.12,0,1,0,0,0,0,0,0,0,49.0,18.0,4.9,11.0,4J Studios
665,Star Wars Battlefront: Renegade Squadron,3,LucasArts,1.64,0,0,1,0,0,0,0,0,0,73.0,35.0,7.7,35.0,Rebellion
666,Star Wars: Lethal Alliance,1,Ubisoft,0.12,0,0,1,0,0,0,0,0,0,61.0,31.0,8.0,5.0,Ubisoft Montreal
667,Star Wars: The Force Unleashed,1,LucasArts,7.469999999999999,1,1,1,1,0,0,0,0,0,71.9261744966443,149.0,6.838410596026489,604.0,Krome Studios
668,Star Wars: The Force Unleashed II,1,LucasArts,3.2800000000000002,1,1,0,1,0,0,0,0,0,62.654545454545456,110.0,6.3657258064516125,248.0,"LucasArts, Red Fly Studio"
669,Steambot Chronicles: Battle Tournament,4,Irem Software Engineering,0.06,0,0,1,0,0,0,0,0,0,54.0,14.0,6.1,7.0,Irem
670,Steel Battalion: Heavy Armor,11,Capcom,0.1,1,0,0,0,0,0,0,0,0,38.0,58.0,2.2,81.0,From Software
671,Steel Diver,1,Nintendo,0.41,0,0,0,0,0,1,0,0,0,58.0,55.0,6.1,23.0,Nintendo
672,Street Fighter Alpha 3 MAX,4,Capcom,0.31,0,0,1,0,0,0,0,0,0,80.0,35.0,8.7,17.0,Capcom
673,Street Fighter X Tekken,4,Capcom,1.21,1,0,0,1,0,0,1,0,0,82.59504132231405,121.0,5.0155913978494615,372.0,Capcom
674,Style Savvy: Trendsetters,6,Nintendo,0.52,0,0,0,0,0,1,0,0,0,76.0,5.0,7.1,9.0,syn Sophia
675,Super Mario 3D Land,10,Nintendo,9.28,0,0,0,0,0,1,0,0,0,90.0,82.0,8.2,576.0,Nintendo
676,Super Monkey Ball: Banana Blitz,6,Sega,2.19,0,1,0,0,0,0,0,0,0,74.0,53.0,5.9,61.0,Sega
677,Super Paper Mario,10,Nintendo,3.63,0,1,0,0,0,0,0,0,0,85.0,56.0,7.7,280.0,Intelligent Systems
678,Super Smash Bros. Brawl,4,Nintendo,12.05,0,1,0,0,0,0,0,0,0,93.0,81.0,8.9,1330.0,Game Arts
679,Super Swing Golf,2,Nintendo,0.21,0,1,0,0,0,0,0,0,0,72.0,44.0,7.8,15.0,"Ntreev Soft, Tecmo"
680,Supremacy MMA,4,505 Games,0.18,1,0,0,1,0,0,1,0,0,47.25,40.0,,14.0,Kung Fu Factory
681,Supreme Commander,7,505 Games,0.06,1,0,0,0,0,0,0,0,0,56.0,24.0,6.6,15.0,"Gas Powered Games, Hellbent Games"
682,Surf's Up,2,Ubisoft,0.31,1,1,0,1,0,0,0,0,0,61.34375,32.0,,16.0,Ubisoft
683,Syndicate,3,Electronic Arts,0.25,1,0,0,1,0,0,0,0,0,74.30851063829788,94.0,6.8752988047808765,251.0,Starbreeze
684,Syphon Filter: Dark Mirror,3,Sony Computer Entertainment,0.27,0,0,1,0,0,0,0,0,0,87.0,58.0,9.3,103.0,Sony Bend
685,TMNT,1,Ubisoft,0.74,1,1,1,0,0,0,0,0,0,55.945454545454545,55.0,5.7926829268292686,41.0,Ubisoft Montreal
686,TNA iMPACT: Cross the Line,4,SouthPeak Games,0.05,0,0,1,0,0,0,0,0,0,50.0,6.0,,0.0,Point of View
687,Tales of Vesperia,5,Atari,0.68,1,0,0,0,0,0,0,0,0,79.0,67.0,8.4,176.0,Bandai Namco Games
688,Teenage Mutant Ninja Turtles: Smash-Up,4,Ubisoft,0.34,0,1,0,0,0,0,0,0,0,67.0,34.0,8.1,18.0,Game Arts
689,Tekken Tag Tournament 2,4,Namco Bandai Games,1.1,1,0,0,1,0,0,0,0,1,82.5575221238938,113.0,7.603703703703703,216.0,Namco Bandai Games
690,Tenchu: Shadow Assassins,1,Ubisoft,0.3,0,1,1,0,0,0,0,0,0,69.32075471698113,53.0,8.713793103448275,29.0,Acquire
691,Terraria,1,505 Games,0.17,1,0,0,1,0,0,0,0,0,81.0,51.0,7.422155688622754,167.0,Re-Logic
692,Tetris Axis,12,Tetris Online,0.36,0,0,0,0,0,1,0,0,0,74.0,33.0,6.4,19.0,Hudson Soft
693,Tetris Evolution,12,THQ,0.08,1,0,0,0,0,0,0,0,0,52.0,21.0,,0.0,Mass Media
694,Tetris Party Deluxe,12,Nintendo,0.53,0,1,0,0,0,0,0,0,0,72.0,19.0,7.5,4.0,"Tetris Online, Inc"
695,The Adventures of Tintin: The Game,1,Ubisoft,0.57,1,0,0,1,0,1,0,0,0,60.65714285714286,70.0,5.43076923076923,26.0,Ubisoft Montpellier
696,The Ant Bully,10,Midway Games,0.09,0,1,0,0,0,0,0,0,0,45.0,12.0,1.4,5.0,Artificial Mind and Movement
697,The BIGS,2,Take-Two Interactive,0.89,1,1,1,1,0,0,0,0,0,74.51515151515152,66.0,,44.0,Blue Castle Games
698,The BIGS 2,2,Take-Two Interactive,0.6900000000000001,1,1,1,1,0,0,0,0,0,75.77966101694915,59.0,,55.0,Blue Castle Games
699,The Beatles: Rock Band,6,MTV Games,4.0200000000000005,1,1,0,1,0,0,0,0,0,88.62732919254658,161.0,8.674869109947641,191.0,Harmonix Music Systems
700,The Biggest Loser,2,THQ,1.05,0,1,0,0,0,0,0,0,0,74.0,5.0,8.1,32.0,Blitz Games
701,The Biggest Loser: Ultimate Workout,2,THQ,0.84,1,0,0,0,0,0,0,0,0,68.0,11.0,,0.0,Blitz Games Studios
702,The Black Eyed Peas Experience,6,Ubisoft,0.29,1,0,0,0,0,0,0,0,0,66.0,17.0,5.8,8.0,iNiS
703,The Chronicles of Narnia: Prince Caspian,1,Disney Interactive Studios,0.67,1,1,0,1,0,0,0,0,0,56.77777777777778,45.0,7.0935483870967735,31.0,Traveller's Tales
704,The Elder Scrolls V: Skyrim,5,Bethesda Softworks,13.09,1,0,0,1,0,0,0,0,0,95.39047619047619,105.0,7.4150511739915705,4983.0,Bethesda Game Studios
705,The Fight: Lights Out,4,Sony Computer Entertainment,0.51,0,0,0,1,0,0,0,0,0,48.0,39.0,7.5,67.0,Coldwood Interactive
706,The Golden Compass,1,Sega,1.67,1,1,1,1,0,0,0,0,0,38.56896551724138,58.0,3.9833333333333325,36.0,Shiny Entertainment
707,The Hardy Boys: The Hidden Theft,8,The Adventure Company,0.09,0,1,0,0,0,0,0,0,0,50.0,5.0,,0.0,XPEC Entertainment Inc.
708,The King of Fighters XII,4,Ignition Entertainment,0.24000000000000002,1,0,0,1,0,0,0,0,0,60.25714285714286,105.0,4.713513513513513,74.0,SNK Playmore
709,The Last Guy,1,Sony Computer Entertainment,0.03,0,0,0,1,0,0,0,0,0,77.0,33.0,7.3999999999999995,19.0,SCE Japan Studio
710,The Legend of Heroes III: Song of the Ocean,5,Namco Bandai Games,0.03,0,0,1,0,0,0,0,0,0,58.0,17.0,8.3,4.0,Microvision
711,The Legend of Spyro: Dawn of the Dragon,10,Vivendi Games,1.22,1,1,0,1,0,0,0,0,0,61.35294117647059,68.0,7.0249999999999995,48.0,Etranges Libellules
712,The Legend of Spyro: The Eternal Night,10,Vivendi Games,0.2,0,1,0,0,0,0,0,0,0,60.0,8.0,7.199999999999999,9.0,Krome Studios
713,The Legend of Zelda: Twilight Princess,1,Nintendo,6.92,0,1,0,0,0,0,0,0,0,95.0,73.0,9.0,1250.0,Nintendo
714,The Lord of the Rings: Aragorn's Quest,1,Warner Bros. Interactive Entertainment,0.33999999999999997,0,1,0,1,0,0,0,0,0,58.0,34.0,6.545454545454546,11.0,Headstrong Games
715,The Lord of the Rings: Conquest,1,Electronic Arts,1.2799999999999998,1,0,0,1,0,0,0,0,0,54.56310679611651,103.0,6.868493150684931,146.0,Pandemic Studios
716,The Lord of the Rings: The Battle for Middle-Earth II,7,Electronic Arts,0.03,1,0,0,0,0,0,0,0,0,79.0,50.0,7.5,71.0,EA LA
717,The Lord of the Rings: War in the North,1,Warner Bros. Interactive Entertainment,1.3599999999999999,1,0,0,1,0,0,0,0,0,61.81481481481482,81.0,7.127950310559005,161.0,Snowblind Studios
718,The Orange Box,3,Electronic Arts,2.74,1,0,0,1,0,0,0,0,0,94.04,75.0,8.791435464414958,829.0,EA Games
719,The Saboteur,1,Electronic Arts,0.9099999999999999,1,0,0,1,0,0,0,0,0,72.5609756097561,123.0,8.310185185185185,216.0,Pandemic Studios
720,The Shoot,3,Sony Computer Entertainment,0.3,0,0,0,1,0,0,0,0,0,60.0,39.0,6.2,11.0,Cohort Studios
721,The Simpsons Game,1,Electronic Arts,3.8500000000000005,1,1,1,1,0,0,0,0,0,68.99074074074075,108.0,6.871875,128.0,Electronic Arts
722,The Sims 2: Castaway,11,Electronic Arts,1.94,0,1,1,0,0,0,0,0,0,71.125,24.0,7.781818181818181,22.0,Maxis
723,The Sims 2: Pets,11,Electronic Arts,1.24,0,1,1,0,0,0,0,0,0,62.0,24.0,,9.0,Maxis
724,The Sims 3,11,Electronic Arts,4.140000000000001,1,1,0,1,0,1,0,0,0,,110.0,5.357575757575758,132.0,The Sims Studio
725,The Sky Crawlers: Innocent Aces,11,Namco Bandai Games,0.11,0,1,0,0,0,0,0,0,0,74.0,42.0,8.6,11.0,Access Games
726,The Sly Collection,10,Sony Computer Entertainment,0.49,0,0,0,1,0,0,0,0,0,85.0,46.0,8.8,130.0,Sanzaru Games
727,The Smurfs 2,1,Ubisoft,0.16,1,0,0,1,0,0,0,0,1,,5.0,3.8629629629629627,27.0,WayForward
728,The Walking Dead: Survival Instinct,6,Activision,0.76,1,0,0,1,0,0,0,0,1,,44.0,3.859216965742251,613.0,Terminal Reality
729,The Witcher 2: Assassins of Kings,5,Namco Bandai Games,0.73,1,0,0,0,0,0,0,0,0,88.0,82.0,8.4,635.0,CD Projekt Red Studio
730,Theatrhythm: Final Fantasy,6,Square Enix,0.45,0,0,0,0,0,1,0,0,0,78.0,60.0,8.0,96.0,Indies Zero
731,Thrillville,7,Atari,0.2,0,0,1,0,0,0,0,0,0,72.0,13.0,7.4,15.0,Frontier Developments
732,Thrillville: Off the Rails,7,LucasArts,0.65,1,1,1,0,0,0,0,0,0,71.91111111111111,45.0,,22.0,Frontier Developments
733,Tiger Woods PGA Tour,2,Electronic Arts,0.21,0,0,1,0,0,0,0,0,0,78.0,25.0,8.7,11.0,EA Canada
734,Tiger Woods PGA Tour 06,2,Electronic Arts,0.5,1,0,1,0,0,0,0,0,0,73.6470588235294,51.0,8.146666666666667,15.0,Team Fusion
735,Tiger Woods PGA Tour 07,2,Electronic Arts,1.69,1,1,1,1,0,0,0,0,0,77.21014492753623,138.0,,65.0,EA Redwood Shores
736,Tiger Woods PGA Tour 09,2,Electronic Arts,1.63,1,0,1,1,0,0,0,0,0,81.56962025316456,79.0,7.585365853658536,41.0,EA Tiburon
737,Tiger Woods PGA Tour 10,2,Electronic Arts,2.6600000000000006,1,1,1,1,0,0,0,0,0,82.28571428571429,140.0,,82.0,EA Tiburon
738,Tiger Woods PGA Tour 11,2,Electronic Arts,1.8,1,1,0,1,0,0,0,0,0,79.875,120.0,7.601754385964911,57.0,EA Sports
739,Tiger Woods PGA Tour 12: The Masters,2,Electronic Arts,1.71,1,1,0,1,0,0,0,0,0,80.66666666666667,105.0,6.654545454545455,44.0,Electronic Arts
740,Tiger Woods PGA Tour 13,2,Electronic Arts,0.89,1,0,0,1,0,0,0,0,0,76.54098360655738,61.0,5.619565217391305,46.0,Electronic Arts
741,Tiger Woods PGA Tour 14,2,Electronic Arts,0.47,1,0,0,1,0,0,0,0,0,75.5,56.0,4.6866666666666665,45.0,EA Tiburon
742,Time Crisis 4,3,Namco Bandai Games,0.82,0,0,0,1,0,0,0,0,0,60.0,52.0,7.6,20.0,Nex Entertainment
743,TimeShift,3,Vivendi Games,0.54,1,0,0,1,0,0,0,0,0,70.0,74.0,7.653246753246754,77.0,Saber Interactive
744,Tom Clancy's Ghost Recon,3,Ubisoft,0.1,0,1,0,0,0,0,0,0,0,46.0,21.0,6.3,7.0,Next Level Games
745,Tom Clancy's Ghost Recon Advanced Warfighter,3,Ubisoft,1.5,1,0,0,0,0,0,0,0,0,90.0,78.0,7.9,185.0,Ubisoft Paris
746,Tom Clancy's Ghost Recon: Predator,3,Ubisoft,0.07,0,0,1,0,0,0,0,0,0,54.0,15.0,,0.0,Virtuos
747,Tom Clancy's HAWX 2,1,Ubisoft,0.7999999999999999,1,1,0,1,0,0,0,0,0,66.25510204081633,98.0,,40.0,Ubisoft
748,Tom Clancy's Rainbow Six: Vegas,3,Ubisoft,3.8599999999999994,1,0,1,1,0,0,0,0,0,82.84297520661157,121.0,8.003358208955225,268.0,Ubisoft Montreal
749,Tom Clancy's Splinter Cell 3D,1,Ubisoft,0.23,0,0,0,0,0,1,0,0,0,53.0,32.0,5.4,20.0,Ubisoft
750,Tomb Raider: Anniversary,1,Eidos Interactive,1.75,1,1,1,0,0,0,0,0,0,76.35632183908046,87.0,7.601960784313725,51.0,Crystal Dynamics
751,Tomb Raider: Legend,1,Eidos Interactive,0.76,1,0,1,0,0,0,0,0,0,75.5609756097561,82.0,7.1240000000000006,75.0,Buzz Monkey
752,Tomb Raider: Underworld,8,Eidos Interactive,2.66,1,1,0,1,0,0,0,0,0,74.97297297297297,111.0,6.698432601880878,319.0,Crystal Dynamics
753,Tony Hawk's American Wasteland,2,Activision,0.3,1,0,0,0,0,0,0,0,0,75.0,43.0,7.1000000000000005,19.0,Neversoft Entertainment
754,Tony Hawk's Downhill Jam,2,Activision,0.23,0,1,0,0,0,0,0,0,0,69.0,42.0,6.200000000000001,13.0,Toys for Bob
755,Tony Hawk's Project 8,2,Activision,1.61,1,0,1,1,0,0,0,0,0,77.99159663865547,119.0,7.480357142857143,56.0,Page 44 Studios
756,Tony Hawk's Underground 2 Remix,2,Activision,0.81,0,0,1,0,0,0,0,0,0,83.0,49.0,8.2,30.0,Shaba Games
757,Tony Hawk: Shred,2,Activision,0.97,1,1,0,1,0,0,0,0,0,,15.0,6.60952380952381,21.0,Robomodo
758,Top Spin 3,2,Take-Two Interactive,1.6700000000000002,1,1,0,1,0,0,0,0,0,75.14851485148515,101.0,6.846666666666667,75.0,Pam Development
759,Top Spin 4,2,Take-Two Interactive,1.08,1,1,0,1,0,0,0,0,0,80.82828282828282,99.0,7.924038461538462,104.0,2K Czech
760,Tornado Outbreak,1,Konami Digital Entertainment,0.22,1,1,0,1,0,0,0,0,0,66.94117647058823,34.0,7.9,17.0,Loose Cannon Studios
761,Transformers: Cybertron Adventures,1,Activision,0.25,0,1,0,0,0,0,0,0,0,41.0,15.0,7.1,7.0,Next Level Games
762,Transformers: Fall of Cybertron,1,Activision,0.63,1,0,0,1,0,0,0,0,0,78.23809523809524,84.0,8.301951219512196,205.0,High Moon Studios
763,Transformers: War for Cybertron,1,Activision,0.97,1,0,0,1,0,0,0,0,0,76.39473684210526,114.0,8.535294117647059,306.0,High Moon Studios
764,Trauma Center: Second Opinion,11,Nintendo,0.33,0,1,0,0,0,0,0,0,0,80.0,49.0,8.0,47.0,Atlus
765,Trinity Universe,5,Nippon Ichi Software,0.16,0,0,0,1,0,0,0,0,0,62.0,25.0,7.799999999999999,26.0,"Idea Factory, Gust"
766,Trivial Pursuit,6,Electronic Arts,1.1300000000000001,1,1,0,1,0,0,0,0,0,66.25581395348837,43.0,,15.0,EA Bright Light
767,Truth or Lies,6,THQ,0.1,1,0,0,0,0,0,0,0,0,28.0,6.0,4.2,5.0,THQ
768,Turok,3,Touchstone,1.35,1,0,0,1,0,0,0,0,0,68.24752475247524,101.0,7.02112676056338,142.0,Propaganda Games
769,UEFA Champions League 2006-2007,2,Electronic Arts,0.060000000000000005,1,0,1,0,0,0,0,0,0,71.65853658536585,41.0,,8.0,EA Canada
770,UFC 2009 Undisputed,4,THQ,3.75,1,0,0,1,0,0,0,0,0,83.46031746031746,126.0,7.988235294117647,85.0,THQ
771,Ultimate Block Party,12,505 Games,0.03,0,0,1,0,0,0,0,0,0,76.0,12.0,,0.0,Magicpot
772,Ultimate Marvel vs. Capcom 3,4,Capcom,0.35,1,0,0,1,0,0,1,0,0,79.65625,128.0,6.553539823008849,226.0,Capcom
773,Uncharted: Drake's Fortune,1,Sony Computer Entertainment,4.7,0,0,0,1,0,0,0,0,0,88.0,66.0,8.2,1439.0,"Naughty Dog, SCE/WWS"
774,Uncharted: Golden Abyss,1,Sony Computer Entertainment,1.14,0,0,0,0,0,0,1,0,0,80.0,80.0,7.2,531.0,"Sony Bend, Naughty Dog"
775,Undead Knights,1,Ubisoft Annecy,0.12,0,0,1,0,0,0,0,0,0,63.0,27.0,8.9,8.0,Now Production
776,Unit 13,3,Sony Computer Entertainment,0.37,0,0,0,0,0,0,1,0,0,71.0,60.0,7.5,134.0,Zipper Interactive
777,Up,8,THQ,1.05,1,1,0,1,0,0,0,0,0,61.89655172413793,29.0,,9.0,Asobo Studio
778,Valhalla Knights,5,Rising Star Games,0.24,0,0,1,0,0,0,0,0,0,53.0,29.0,7.1,11.0,K2 LLC
779,Valhalla Knights: Eldar Saga,5,Rising Star Games,0.13,0,1,0,0,0,0,0,0,0,35.0,17.0,7.1,14.0,"K2, Kurogane"
780,Valkyrie Profile: Lenneth,5,Square Enix,0.34,0,0,1,0,0,0,0,0,0,80.0,39.0,8.5,45.0,TOSE
781,Vertigo,7,Playlogic Game Factory,0.05,0,1,0,0,0,0,0,0,0,66.0,4.0,,0.0,Icon Games
782,Viking: Battle for Asgard,1,Sega,0.78,1,0,0,1,0,0,0,0,0,66.91428571428571,105.0,7.954545454545454,99.0,Creative Assembly
783,Virtua Fighter 5,4,Sega,1.05,0,0,0,1,0,0,0,0,0,85.0,47.0,7.2,61.0,Sega AM2
784,Virtua Tennis 2009,2,Sega,1.02,1,1,0,1,0,0,0,0,0,70.9,110.0,6.7407407407407405,54.0,Sumo Digital
785,Virtua Tennis 4,2,Sega,0.69,1,1,0,1,0,0,0,0,0,68.77227722772277,101.0,,31.0,Sega
786,WRC: FIA World Rally Championship,9,Sony Computer Entertainment,0.32,1,0,1,1,0,0,0,0,0,67.0,66.0,,17.0,Traveller's Tales
787,WTF: Work Time Fun,12,Sony Computer Entertainment,0.04,0,0,1,0,0,0,0,0,0,63.0,23.0,7.0,6.0,SCEJ
788,WWE 2K14,2,Take-Two Interactive,1.44,1,0,0,1,0,0,0,0,0,74.66666666666667,63.0,7.4,125.0,Yuke's
789,WWE All Stars,4,THQ,1.16,1,1,1,1,0,1,0,0,0,73.97887323943662,142.0,,78.0,THQ
790,WWE SmackDown vs Raw 2008,4,THQ,4.84,1,1,1,1,0,0,0,0,0,69.82608695652173,92.0,6.915151515151515,99.0,Yuke's
791,WWE SmackDown vs. Raw 2010,4,THQ,3.4599999999999995,1,1,1,1,0,0,0,0,0,,108.0,8.113924050632912,79.0,Yuke's
792,WWII Aces,11,Destineer,0.23,0,1,0,0,0,0,0,0,0,41.0,7.0,5.4,18.0,Arcade Moon
793,Wall-E,10,THQ,2.6300000000000003,1,1,1,1,0,0,0,0,0,51.8780487804878,82.0,,17.0,Heavy Iron Studios
794,Wanted: Weapons of Fate,3,Warner Bros. Interactive Entertainment,0.62,1,0,0,1,0,0,0,0,0,61.52136752136752,117.0,7.028947368421053,38.0,GRIN
795,WarTech: Senko no Ronde,4,Ubisoft,0.04,1,0,0,0,0,0,0,0,0,60.0,33.0,6.1,7.0,Grev Ltd.
796,Warhammer: Battle For Atluma,1,Namco Bandai Games,0.04,0,0,1,0,0,0,0,0,0,55.0,8.0,7.3,6.0,JV Games Inc.
797,Warriors Orochi,1,Tecmo Koei,0.38,1,0,1,0,0,0,0,0,0,55.925,40.0,7.949999999999999,16.0,Omega Force
798,Warriors: Legends of Troy,1,Tecmo Koei,0.21000000000000002,1,0,0,1,0,0,0,0,0,47.333333333333336,33.0,,18.0,Koei
799,Way of the Samurai 3,1,Gamebridge,0.69,1,0,0,1,0,0,0,0,0,56.35,40.0,7.458620689655173,29.0,Acquire
800,We Cheer 2,11,Namco Bandai Games,0.25,0,1,0,0,0,0,0,0,0,64.0,7.0,,0.0,"Machatin, Inc."
801,Where the Wild Things Are,10,Warner Bros. Interactive Entertainment,0.29000000000000004,1,1,0,1,0,0,0,0,0,55.166666666666664,24.0,,0.0,Griptonite Games
802,White Knight Chronicles: International Edition,5,Sony Computer Entertainment,0.87,0,0,0,1,0,0,0,0,0,64.0,77.0,7.6,198.0,Level 5
803,Wii Fit Plus,2,Nintendo,21.43,0,1,0,0,0,0,0,0,0,80.0,33.0,7.3,40.0,Nintendo
804,Wii Fit U,1,Nintendo,0.18,0,0,0,0,0,0,0,0,1,71.0,17.0,6.1,33.0,Nintendo
805,Wii Party,6,Nintendo,8.14,0,1,0,0,0,0,0,0,0,68.0,42.0,7.6,34.0,Nd Cube
806,Wii Party U,1,Nintendo,1.06,0,0,0,0,0,0,0,0,1,65.0,38.0,6.3,67.0,Nd Cube
807,Wing Island,11,Konami Digital Entertainment,0.04,0,1,0,0,0,0,0,0,0,47.0,32.0,4.9,8.0,CAProduction
808,Winning Eleven: Pro Evolution Soccer 2007,2,Konami Digital Entertainment,0.96,1,0,1,0,0,0,0,0,0,79.625,32.0,7.093333333333335,45.0,KCET
809,Winter Sports 2: The Next Challenge,2,RTL,0.06,1,0,0,0,0,0,0,0,0,41.0,8.0,,0.0,49Games
810,Winter Stars,2,Deep Silver,0.12000000000000001,1,0,0,1,0,0,0,0,0,48.8,15.0,,0.0,49Games
811,WipEout HD Fury,9,Sony Computer Entertainment,0.04,0,0,0,1,0,0,0,0,0,89.0,15.0,8.4,91.0,Studio Liverpool
812,WipEout Pulse,9,Sony Computer Entertainment,0.29,0,0,1,0,0,0,0,0,0,82.0,40.0,8.8,23.0,Studio Liverpool
813,WipEout Pure,9,Sony Computer Entertainment,0.99,0,0,1,0,0,0,0,0,0,88.0,56.0,7.8,85.0,Studio Liverpool
814,Wipeout 2048,9,Sony Computer Entertainment,0.27,0,0,0,0,0,0,1,0,0,79.0,63.0,8.3,143.0,Studio Liverpool
815,Wipeout: In The Zone,6,Activision,0.8,1,0,0,0,0,0,0,0,0,39.0,5.0,5.0,7.0,Activision
816,Wolfenstein,3,Activision,1.12,1,0,0,1,0,0,0,0,0,71.53225806451613,124.0,7.6,163.0,"Raven Software, id Software"
817,Wonder World Amusement Park,6,Majesco Entertainment,0.04,0,1,0,0,0,0,0,0,0,37.0,9.0,,0.0,Coyote Console
818,World Championship Poker 2: Featuring Howard Lederer,6,505 Games,0.14,0,0,1,0,0,0,0,0,0,65.0,17.0,2.8,17.0,Crave
819,World Series of Poker 2008: Battle for the Bracelets,6,Activision,0.19,1,0,1,1,0,0,0,0,0,,16.0,,10.0,Left Field Productions
820,Worms,7,Microsoft Game Studios,0.03,1,0,0,1,0,0,0,0,0,75.26470588235294,34.0,6.958536585365854,41.0,Team 17
821,Worms: A Space Oddity,7,THQ,0.07,0,1,0,0,0,0,0,0,0,64.0,26.0,4.3,11.0,Team 17
822,Worms: Open Warfare,7,THQ,0.76,0,0,1,0,0,0,0,0,0,70.0,22.0,6.6,16.0,Team 17
823,X-Blades,1,SouthPeak Games,0.24,1,0,0,1,0,0,0,0,0,50.0,70.0,5.895238095238095,21.0,Gaijin Entertainment
824,X-Men Origins: Wolverine,1,Activision,0.42,0,1,1,0,0,0,0,0,0,56.0,14.0,5.109090909090909,11.0,Amaze Entertainment
825,X-Men: Destiny,1,Activision,0.51,1,1,0,1,0,0,0,0,0,46.88297872340426,94.0,4.965765765765765,111.0,Silicon Knights
826,Xenoblade Chronicles,5,Nintendo,0.85,0,1,0,0,0,0,0,0,0,92.0,59.0,8.6,390.0,Monolith Soft
827,Yakuza 3,8,Sega,1.06,0,0,0,1,0,0,0,0,0,79.0,77.0,8.1,109.0,Sega
828,Yoostar2,6,Unknown,0.26,1,0,0,1,0,0,0,0,0,51.5,40.0,,7.0,Blitz Games Studios
829,You Don't Know Jack,6,THQ,0.5,1,1,0,1,0,0,0,0,0,81.87179487179488,39.0,7.695744680851064,47.0,"Jellyvision, Iron Galaxy Studios"
830,Young Justice: Legacy,8,Namco Bandai Games,0.08,1,0,0,1,0,1,0,0,0,,0.0,5.551851851851852,27.0,Farsight Studios
831,Your Shape: Fitness Evolved 2012,2,Ubisoft,1.05,1,0,0,0,0,0,0,0,0,77.0,13.0,7.6000000000000005,19.0,Ubisoft
832,Z.H.P. Unlosing Ranger vs Darkdeath Evilman,5,Nippon Ichi Software,0.11,0,0,1,0,0,0,0,0,0,81.0,19.0,7.1,25.0,Nippon Ichi Software
833,ZombiU,1,Ubisoft,0.63,0,0,0,0,0,0,0,0,1,77.0,70.0,7.5,531.0,Ubisoft Montpellier
834,Zoo Hospital,11,Majesco Entertainment,0.16,0,1,0,0,0,0,0,0,0,61.0,4.0,,0.0,Torus Games
835,de Blob,10,THQ,0.94,0,1,0,0,0,0,0,0,0,82.0,48.0,8.6,65.0,Blue Tongue Entertainment
836,de Blob 2,10,THQ,0.43000000000000005,1,1,0,1,0,0,0,0,0,76.11290322580645,124.0,7.460869565217391,69.0,Blue Tongue Entertainment
837,pro evolution soccer 2011,2,Konami Digital Entertainment,3.98,1,1,1,1,0,0,0,0,0,77.63106796116504,103.0,6.364814814814816,108.0,Konami
838,uDraw Studio: Instant Artist,6,THQ,0.01,1,0,0,0,0,0,0,0,0,54.0,5.0,5.6,5.0,THQ
